As2+NbTe2_abcd2ae4ee5a0c7d+3a172789.vasp,0.0,0.5336,0.5336
As2+NbTe2_abcd2ae4ee5a0c7d+59b8523b.vasp,0.0,0.5278,0.5278
As2+NbTe2_abcd2ae4ee5a0c7d+81261849.vasp,0.0,0.7966,0.7966
As2+NiSe2_821e6d2c9bea4cfc+08a3065b.vasp,0.0,-0.6598,-0.6598
As2+NiSe2_821e6d2c9bea4cfc+2a2529ea.vasp,0.0,-0.2745,-0.2745
As2+NiSe2_821e6d2c9bea4cfc+34518bf6.vasp,0.0,-0.6722,-0.6722
As2+Pd4Se6Hg2_fc844e3a3a732200+1749bd93.vasp,0.0,-0.7108,-0.7108
As2+TiSe2_1a375394ad1b4312+570cc461.vasp,0.0,-0.7791,-0.7791
As2+TiSe2_1a375394ad1b4312+d5a500c9.vasp,0.0,-0.6962,-0.6962
As2+TiSe2_1a375394ad1b4312+f457a0dc.vasp,0.0,-0.7442,-0.7442
As2+TiSe2_1a375394ad1b4312+f9b8d424.vasp,0.0,-0.7803,-0.7803
As2S3+Bi2_29b33e59f6e7ba15+52966058.vasp,0.0,1.0575,1.0575
As2S3+Hf2Te6_0e2ac02cde1eb0ec+6c306715.vasp,0.0,1.577,1.577
As2S3+Hf2Te6_0e2ac02cde1eb0ec+b8564ec4.vasp,0.0,1.5838,1.5838
As2S3+NiTe2_a53fe4cdb6a87612+c9a0d2f3.vasp,0.0,1.619,1.619
As2S3+NiTe2_a53fe4cdb6a87612+f5d210af.vasp,0.0,1.6454,1.6454
As2S3+Zr2Te6_b8ab6b14830dc373+78e746d8.vasp,0.0,1.3962,1.3962
As2S3+Zr2Te6_b8ab6b14830dc373+e006f9bd.vasp,0.0,1.3935,1.3935
As4+Hf2Te6_420de5ac243abc5f+acdc6769.vasp,0.0,0.8211,0.8211
As4+NbSe2_e32f381a9d98e3ae+dc55cf69.vasp,0.0,-0.305,-0.305
As4+NbTe2_fe1a8f0f790bf7c2+0540e0f4.vasp,0.0,0.6435,0.6435
As4+NiTe2_9f9dd471d2e5b7ef+f7fd3bbb.vasp,0.0,0.6538,0.6538
As4+TaS2_4b5bc17f5b7708ec+000aaf9a.vasp,0.0,-0.5884,-0.5884
As4+TaSe2_11672507854fe13d+d0c6ea84.vasp,0.0,-0.6857,-0.6857
As4+Ti2S6_beefa4782e9e5477+9adbcead.vasp,0.0,0.6037,0.6037
As4+TiS2_e86cb71644fed54f+b3ffa4fa.vasp,0.0,-0.4018,-0.4018
As4+ZrS2_df4d87c2ce94543f+2b1cfda3.vasp,0.0,-0.2287,-0.2287
Bi2+C2_108052fb3efca484+41b17215.vasp,0.0,-0.2787,-0.2787
Bi2+NbTe2_e7dcfe0b64336679+98853257.vasp,0.0,0.8963,0.8963
Bi2+NiTe2_462e5201271ca76d+875b8ffa.vasp,0.0,1.0658,1.0658
Bi2+P2_a20c18917d65e33e+75bd30ce.vasp,0.0,0.1862,0.1862
Bi2+SnS_c639773c1e22bee9+f1742804.vasp,0.0,0.4859,0.4859
Bi2+SnS2_95dff1f7ab830480+1f1c0d62.vasp,0.0,0.1658,0.1658
Bi2+ZrS2_ef0eab96cdc8d62b+26ec0572.vasp,0.0,-0.3254,-0.3254
Bi2+ZrSe2_42b22b983a732911+02725c22.vasp,0.0,-0.5105,-0.5105
Bi2Se3+NbTe2_b73bf8e789fbbc03+e6d21521.vasp,0.0,1.3014,1.3014
Bi2Se3+NiSe2_627726234a0ad53f+8761916f.vasp,0.0,0.5297,0.5297
Bi2Se3+Pd4Se6Hg2_fb0d865607bd094f+2d7a4b7c.vasp,0.0,0.3809,0.3809
Bi2SeTe2+Bi2_d4699c5cd8ea37ba+6e297d55.vasp,0.0867,1.5489,1.5489
Bi2SeTe2+C2_75b8867e0793d2f2+b50cd6c3.vasp,0.0,0.8913,0.8913
Bi2SeTe2+NiTe2_c68be6afcec9a029+dc18097f.vasp,0.0,1.7106,1.7106
Bi2Te3+NiTe2_a51d7faa58cad136+7cae4af3.vasp,0.0,1.8441,1.8441
Bi2Te3+Si2_add6a716a7c28ec6+73ea083c.vasp,0.0,0.9425,0.9425
BN+C2_c1c172375c1d2e26+74a6d956.vasp,0.0,-1.2648,-1.2648
BN+ReS2_51c68596c13e2920+644945f5.vasp,0.0,0.2791,0.2791
BN+TaS2_3baa4f431c562bce+4650353e.vasp,0.0,-1.5458,-1.5458
BP+Bi2_8440ca1088d773cf+3198075c.vasp,0.0,-0.2471,-0.2471
BP+C2_af334538155ecbb8+7889b99c.vasp,0.0362,-1.0233,-1.0233
BP+HgTe_4455300154e5f26a+9381658f.vasp,0.0,-1.9325,-1.9325
BP+NiTe2_dff8cb67730286b2+c3030667.vasp,0.0,0.4892,0.4892
C2+C2_072a0ac6318bf8d1+3024201a.vasp,0.0,-1.0054,-1.0054
C2+Ga2Se2_8ee81cb515348d10+5e52371e.vasp,0.0,-0.2344,-0.2344
C2+Ga2Se2_8ee81cb515348d10+960426de.vasp,0.0,-0.2725,-0.2725
C2+IrTe2_2984012b8a3b7c5d+818e5982.vasp,0.0,-1.2148,-1.2148
C2+NbS2_e71c76a4ab815173+4c3b92a6.vasp,0.0,-0.6793,-0.6793
C2+NbTe2_21286b5765e01d87+eba8ecb8.vasp,0.0,0.3574,0.3574
C2+NiTe2_7993f992a09f326a+c2f33c5f.vasp,0.0,0.322,0.322
C2+NiTe2_7993f992a09f326a+e69064e2.vasp,0.0,0.3323,0.3323
C2+P2_569efb9951847c4f+68eb4a77.vasp,0.0,-0.5569,-0.5569
C2+Pt4Se6Hg2_07ad45f6497be5a0+620b727c.vasp,0.0,-0.8636,-0.8636
C2+Pt4Se6Hg2_07ad45f6497be5a0+dedbd0d0.vasp,0.0,-2.1391,-2.1391
C2+PtSe2_cdf26a6890e98709+9d271255.vasp,0.0,-0.3037,-0.3037
C2+PtSe2_cdf26a6890e98709+b50cc8ec.vasp,0.0,-0.3328,-0.3328
C2+ReS2_57fa14aa066247f7+446768c0.vasp,0.0,0.018,0.018
C2+Sb2Te3_a55dd1e789772bf2+63df68df.vasp,0.0,1.0585,1.0585
C2+Si2_b38795dc38c984df+d7fa3a4c.vasp,0.0,-1.0807,-1.0807
C2+SnS_3e02f112beb94291+135eeec9.vasp,0.0,0.0104,0.0104
C2+SnS_3e02f112beb94291+c22ceb15.vasp,0.0,-0.0604,-0.0604
C2+SnSe2_831b9bb2202dedee+802c6d19.vasp,0.0,-2.2536,-2.2536
C2+WSe2_8c8bc107f8842d84+e827dd14.vasp,0.0,0.2167,0.2167
C2+ZrS2_7f0b3cbfb2f8862d+11ea7de3.vasp,0.0,-0.5808,-0.5808
C2+ZrSe2_4e1a39fbc96b64a6+1f708f67.vasp,0.0,-1.9855,-1.9855
CdTe+In2Se3_9336f4a37c1168d3+96b7f600.vasp,0.0,-0.6824,-0.6824
CdTe+TiSe2_d7ae2b5afe625796+4f0f3f6d.vasp,0.0,-1.2233,-1.2233
CdTe+TiSe2_d7ae2b5afe625796+9e311953.vasp,0.0,-1.3235,-1.3235
Ga2S2+NbTe2_5c58e277daeb3a86+bace6737.vasp,0.0,0.9146,0.9146
Ga2S2+NbTe2_5c58e277daeb3a86+cfaf9a70.vasp,0.0,0.8645,0.8645
Ga2S2+Pd4Se6Hg2_b2d24b012bb29b8d+0f1042ac.vasp,0.0,0.0699,0.0699
Ga2S2+Pd4Se6Hg2_b2d24b012bb29b8d+bcd858ff.vasp,0.0,0.0028,0.0028
Ga2Se2+IrTe2_834f3092dd822f7e+2b2f4afc.vasp,0.0,0.6916,0.6916
Ga2Se2+IrTe2_834f3092dd822f7e+96352847.vasp,0.0,0.624,0.624
Ga2Se2+NbS2_5c3faf944a752328+ddb1de26.vasp,0.0,-0.3591,-0.3591
Ga2Se2+TaS2_91b3a065635e81ca+5bcddab6.vasp,0.0,-2.0911,-2.0911
Ge2+HgTe_c9d12d6d85f37ec0+b03fe5e4.vasp,0.0,-1.653,-1.653
Ge2+In2Se3_cce9ccca5e582d71+0ee94003.vasp,0.0,-0.0507,-0.0507
Ge2+In2Se3_cce9ccca5e582d71+710777b5.vasp,0.0,-0.2661,-0.2661
Ge2+NiSe2_f667416f061b5f13+4f277186.vasp,0.0,-0.6981,-0.6981
Ge2+PdS2_2fabca67fa257fb7+166de486.vasp,0.0,-0.6447,-0.6447
Ge2+PdTe2_fa9658d6f71de484+a7bf1280.vasp,0.0,0.0284,0.0284
Ge2+PdTe2_fa9658d6f71de484+d5882a7a.vasp,0.0,0.0359,0.0359
Ge2+PtTe2_e4ec2333c3becd51+5756f3c4.vasp,0.0,-0.0539,-0.0539
Ge2+PtTe2_e4ec2333c3becd51+8a3a036c.vasp,0.0163,0.0835,0.0835
Ge2+TaSe2_bd8944ab322b2bac+d8c3c8a2.vasp,0.0,-0.8164,-0.8164
GeS+IrTe2_f2ecaec8223231e8+58cce82b.vasp,0.0,0.3095,0.3095
GeS+IrTe2_f2ecaec8223231e8+971b128e.vasp,0.0,0.2906,0.2906
GeS+PdS2_5931501676ef4fbf+1489655a.vasp,0.0,0.0034,0.0034
GeS+ReSe2_f8e7f809164497d1+17bed47b.vasp,0.0,0.3525,0.3525
GeS+ReSe2_f8e7f809164497d1+28a3eceb.vasp,0.0,0.342,0.342
GeS+TaSe2_b08d8b3120ed4dd9+13412c22.vasp,0.0,-0.7431,-0.7431
GeS+TaSe2_b08d8b3120ed4dd9+4f939275.vasp,0.0,-0.8652,-0.8652
GeS+TaSe2_b08d8b3120ed4dd9+7e9f467f.vasp,0.0,-1.0633,-1.0633
GeS+TiSe2_f58765fb920e03c6+34b7bb6a.vasp,0.0,-0.6558,-0.6558
GeS+TiSe2_f58765fb920e03c6+37e2dc43.vasp,0.0,-0.7079,-0.7079
GeS+TiSe2_f58765fb920e03c6+51f05f33.vasp,0.0,-0.7807,-0.7807
GeS+TiSe2_f58765fb920e03c6+654683b3.vasp,0.0,-0.7801,-0.7801
Hf2Te6+Hf2Te6_8a4bd73b5239b3ff+3146e7e4.vasp,0.0,1.8077,1.8077
Hf2Te6+Hf2Te6_8a4bd73b5239b3ff+8abf4fb9.vasp,0.0,1.8033,1.8033
Hf2Te6+Pd2Se4_b184675cbbb0f3fb+8b468a5f.vasp,0.0,0.4728,0.4728
Hf2Te6+Pd2Se4_b184675cbbb0f3fb+f1a6fe44.vasp,0.0,0.6194,0.6194
Hf2Te6+Zr2Te6_f6b4e7bee58946cd+22be6d6b.vasp,0.0,1.7625,1.7625
Hf2Te6+Zr2Te6_f6b4e7bee58946cd+450dd140.vasp,0.0,1.7629,1.7629
HgTe+HgTe_5666b5bd1a1fee47+07f69aa5.vasp,0.0,-2.0854,-2.0854
HgTe+HgTe_5666b5bd1a1fee47+0b5d3b5b.vasp,0.0,-1.9074,-1.9074
HgTe+HgTe_5666b5bd1a1fee47+b131ad25.vasp,0.0269,-2.1818,-2.1818
HgTe+HgTe_5666b5bd1a1fee47+b3f84f75.vasp,0.0,-1.9445,-1.9445
In2Se2+NbSe2_a49b919729568651+66ebce78.vasp,0.0,-0.0166,-0.0166
In2Se2+NiSe2_caac643f89f3f28d+cedd48fd.vasp,0.0,0.0883,0.0883
In2Se2+TaSe2_35f3719c23dfa06f+741200b7.vasp,0.0,-0.2362,-0.2362
In2Se2+TiSe2_fa40a01db4400fc9+0001.vasp,0.0,-0.1116,-0.1116
In2Se3+MoTe2_187d8d245ddd2062+8db034cb.vasp,0.0,1.4003,1.4003
In2Se3+NbSe2_3447f49a0fa144c4+99a116cf.vasp,0.0,0.2464,0.2464
In2Se3+NiSe2_2a854d7142ef1dbf+f6436bf2.vasp,0.0,0.1432,0.1432
In2Se3+PdTe2_ff28843909ad873a+2dc185b7.vasp,0.0,1.0015,1.0015
In2Se3+PdTe2_ff28843909ad873a+bffe196b.vasp,0.0,1.1232,1.1232
In2Se3+PtTe2_5e73a45c98d303e2+35bf3c1f.vasp,0.0,0.921,0.921
In2Se3+PtTe2_5e73a45c98d303e2+ea096d97.vasp,0.0,1.0676,1.0676
In2Se3+ReSe2_1bc336bf0fb99a96+dd8ea9b8.vasp,0.0,0.3613,0.3613
In2Se3+TaSe2_dc6db3da05ff9e01+3132f61c.vasp,0.0,-1.7991,-1.7991
In2Se3+TiS2_d25535bb67396df6+8c21b48a.vasp,0.0,0.0868,0.0868
IrTe2+IrTe2_7ef1fae3555e697b+0ad9a941.vasp,0.0,1.4062,1.4062
IrTe2+IrTe2_7ef1fae3555e697b+0b52aea4.vasp,0.0,1.3596,1.3596
IrTe2+MoSe2_603e30e7231cfc16+9c4d4e8e.vasp,0.0,1.0428,1.0428
IrTe2+NbS2_f974e7a44c5b1377+9d05c67d.vasp,0.0,0.8981,0.8981
IrTe2+NiS2_99113954352cca8d+96ea2567.vasp,0.0,0.4557,0.4557
IrTe2+P2_b475137f1c532169+412e66c6.vasp,0.0,0.6953,0.6953
IrTe2+ReS2_6e7205e63ff0338c+b86cd910.vasp,0.0,0.9608,0.9608
IrTe2+Si2_bd677bcd25cbbcdf+507999bd.vasp,0.0,0.2271,0.2271
IrTe2+Si2_bd677bcd25cbbcdf+76d55535.vasp,0.0,0.2069,0.2069
IrTe2+Si2_bd677bcd25cbbcdf+84b1065c.vasp,0.0,0.309,0.309
IrTe2+SnSe2_963ded067d7b37fa+121eae02.vasp,0.0,0.7515,0.7515
IrTe2+SnSe2_963ded067d7b37fa+bf43834e.vasp,0.0,0.645,0.645
IrTe2+TaS2_f04d04fbf6ccda5d+453db029.vasp,0.0,0.4355,0.4355
IrTe2+TiS2_c5880eeed6c51ccd+28b606a0.vasp,0.0,0.4061,0.4061
IrTe2+WSe2_ae6df86c3cc8c5a8+b41cc5b4.vasp,0.0,1.0138,1.0138
MoS2+NiTe2_9792f72bdadbe47c+13e24053.vasp,0.0,1.5917,1.5917
MoSe2+NbS2_2766b1b86d03d5cf+5ba22c02.vasp,0.0,0.6115,0.6115
MoSe2+ReS2_3c32d7131084a6d5+058896c4.vasp,0.0,1.6346,1.6346
MoSe2+ReS2_3c32d7131084a6d5+ffd9e168.vasp,0.0,1.538,1.538
MoTe2+NbSe2_4fd042d514a51a21+6f143b56.vasp,0.0,1.345,1.345
MoTe2+NbSe2_4fd042d514a51a21+736e6a56.vasp,0.0,1.3604,1.3604
MoTe2+TiSe2_94d981701ebddb36+4e811583.vasp,0.0,1.0673,1.0673
MoTe2+TiSe2_94d981701ebddb36+f7e07b83.vasp,0.0,1.0689,1.0689
NbS2+NbS2_50650208bb4e1e0f+59fdfc53.vasp,0.0,0.3794,0.3794
NbS2+NbS2_50650208bb4e1e0f+bd5d743d.vasp,0.0,0.3278,0.3278
NbS2+P2_b3cb21490c73d9cc+02976edd.vasp,0.0,-0.4419,-0.4419
NbS2+P2_b3cb21490c73d9cc+4665263b.vasp,0.0,-0.117,-0.117
NbS2+P2_b3cb21490c73d9cc+586d59df.vasp,0.0,-0.0546,-0.0546
NbS2+P2_b3cb21490c73d9cc+e166366b.vasp,0.0,-0.4413,-0.4413
NbS2+Si2_eafa657608c33ccd+e17303a5.vasp,0.0,-0.422,-0.422
NbS2+SnSe2_1b84c9ed45b77683+da249e47.vasp,0.0,-0.4221,-0.4221
NbS2+TiS2_9b101fba25cdad00+37ae1208.vasp,0.0,0.0193,0.0193
NbS2+TiS2_9b101fba25cdad00+b3df499a.vasp,0.0,0.0763,0.0763
NbS2+ZrSe2_b26a94a48eb55f91+50eac7f1.vasp,0.0,-0.2833,-0.2833
NbSe2+NiSe2_8966af435fe677ab+a7395ce5.vasp,0.0,0.1544,0.1544
NbSe2+NiSe2_8966af435fe677ab+f244fb1f.vasp,0.0,0.1238,0.1238
NbSe2+PdS2_2c11f179d27db787+37ebb8ae.vasp,0.0,0.1258,0.1258
NbSe2+PdS2_2c11f179d27db787+d93eb315.vasp,0.0,0.1165,0.1165
NbSe2+PdTe2_f2c3217d76dc0857+bcc08d82.vasp,0.0,0.5744,0.5744
NbSe2+PtTe2_c275c2f2cce79248+948565bf.vasp,0.0,0.5974,0.5974
NbSe2+ReSe2_b05f084f9bded14a+22af4a09.vasp,0.0,0.8012,0.8012
NbSe2+ReSe2_b05f084f9bded14a+fbebb520.vasp,0.0,0.7799,0.7799
NbSe2+Sb2_f9e975677dd91069+2b9bcecc.vasp,0.0,-0.0805,-0.0805
NbSe2+TaSe2_e1deda5644284454+23dc9a45.vasp,0.0,0.0604,0.0604
NbSe2+TaSe2_e1deda5644284454+e92a6215.vasp,0.0,0.0203,0.0203
NbSe2+TiS2_a6a81543e6667e54+177331dc.vasp,0.0,0.1041,0.1041
NbSe2+TiS2_a6a81543e6667e54+b692008c.vasp,0.0,0.0837,0.0837
NbSe2+TiSe2_1dfc687e9383cf4d+07c995b5.vasp,0.0,0.1094,0.1094
NbSe2+TiSe2_1dfc687e9383cf4d+c8d9133e.vasp,0.0,0.0973,0.0973
NbSe2+WTe2_a69a4b4f38c3f0b0+e8d71ffe.vasp,0.0,1.3573,1.3573
NbTe2+NbTe2_57e0058ac8871a36+43815df5.vasp,0.0,1.798,1.798
NbTe2+NbTe2_57e0058ac8871a36+779c39fd.vasp,0.0,1.8415,1.8415
NbTe2+NiTe2_81d4df86cd050789+3c82f0b1.vasp,0.0,1.8106,1.8106
NbTe2+NiTe2_81d4df86cd050789+c8febd95.vasp,0.0,1.8802,1.8802
NbTe2+P2_64ba9fb4aedd29f0+bd83b2ce.vasp,0.0,0.6817,0.6817
NbTe2+P4_fbe2ec6c8c52aca5+9e3e5db3.vasp,0.0,0.7534,0.7534
NbTe2+Pd4Se6Hg2_f976de6b588b4247+0460efeb.vasp,0.0,0.4909,0.4909
NbTe2+Pd4Se6Hg2_f976de6b588b4247+60af8f1d.vasp,0.0,0.5352,0.5352
NbTe2+PdSe2_e8b602b0a014c900+b3c29305.vasp,0.0,0.9222,0.9222
NbTe2+PdSe2_e8b602b0a014c900+f24f9eca.vasp,0.0,0.9548,0.9548
NbTe2+Pt4Se6Hg2_56bbb4f1676416f2+7d6e5dbb.vasp,0.0,0.5424,0.5424
NbTe2+Pt4Se6Hg2_56bbb4f1676416f2+edde1826.vasp,0.0,0.589,0.589
NbTe2+Sb2Te3_a15fcabbdea70d70+f2d2734c.vasp,0.0,1.8594,1.8594
NbTe2+SnS_9e69bc037bab33c5+1dd36889.vasp,0.0,1.1205,1.1205
NbTe2+SnS_9e69bc037bab33c5+1f304162.vasp,0.0,0.924,0.924
NbTe2+SnS_9e69bc037bab33c5+2251a82f.vasp,0.0,0.9104,0.9104
NbTe2+SnS_9e69bc037bab33c5+be3db3ac.vasp,0.0,1.1336,1.1336
NbTe2+WS2_2938cdc543cef0f1+f63e3746.vasp,0.0,1.4362,1.4362
NiS2+NiS2_acd938e9d3a210a4+8e42820b.vasp,0.0,0.1302,0.1302
NiS2+NiS2_acd938e9d3a210a4+bfea4a04.vasp,0.0,0.1284,0.1284
NiS2+ReS2_a50a1b48ffd98334+2d0f9163.vasp,0.0,0.7339,0.7339
NiS2+ReS2_a50a1b48ffd98334+a93ae031.vasp,0.0,0.7256,0.7256
NiS2+Si2_2aa6762dd7410b1a+cde3af69.vasp,0.0,-0.4588,-0.4588
NiS2+SnSe2_76be4cb12492b569+2805c514.vasp,0.0,-0.3907,-0.3907
NiS2+TaS2_0b2ee33898d088aa+6524d7bc.vasp,0.0,-0.2669,-0.2669
NiS2+TaS2_0b2ee33898d088aa+a70ac57c.vasp,0.0,-0.2867,-0.2867
NiS2+TiS2_dad10bcd9be844c8+777e4fd2.vasp,0.0,-0.2582,-0.2582
NiS2+TiS2_dad10bcd9be844c8+9569a45d.vasp,0.0,-0.2202,-0.2202
NiSe2+NiSe2_37bc227c353cbc8b+32611a77.vasp,0.0,-0.0423,-0.0423
NiSe2+NiSe2_37bc227c353cbc8b+8d8b281d.vasp,0.0,-0.0074,-0.0074
NiSe2+PdS2_44ae803fd6d39d11+7a473d54.vasp,0.0,0.0863,0.0863
NiSe2+PdS2_44ae803fd6d39d11+b87653c9.vasp,0.0,0.0724,0.0724
NiSe2+PtTe2_1c8275246fee92eb+0e3ced00.vasp,0.0,0.6254,0.6254
NiSe2+TaSe2_8e2dbcbc55e8866c+7bac5a40.vasp,0.0,-0.2182,-0.2182
NiSe2+TaSe2_8e2dbcbc55e8866c+93af11ff.vasp,0.0,-0.1705,-0.1705
NiSe2+TiSe2_6d7713f15e2b3ac7+38bfcf95.vasp,0.0,-0.1463,-0.1463
NiSe2+TiSe2_6d7713f15e2b3ac7+c089f0b0.vasp,0.0,-0.1501,-0.1501
NiTe2+NiTe2_6d9b3fc47f18df1b+44ef8b5f.vasp,0.0,1.9073,1.9073
NiTe2+NiTe2_6d9b3fc47f18df1b+71afe4ee.vasp,0.0,1.9231,1.9231
NiTe2+P2_6e8ae91c2ab8a109+14763883.vasp,0.0,0.8205,0.8205
NiTe2+Pd4Se6Hg2_a346199f81095c77+38f5817f.vasp,0.0,0.4891,0.4891
NiTe2+Pd4Se6Hg2_a346199f81095c77+8b7e57a9.vasp,0.0,0.3608,0.3608
NiTe2+Pt4Se6Hg2_f39fda8c955af634+b825b7ac.vasp,0.0,0.5509,0.5509
NiTe2+Pt4Se6Hg2_f39fda8c955af634+cfa37c71.vasp,0.0,0.3775,0.3775
NiTe2+PtSe2_51eea3817954e0b9+0badb86f.vasp,0.0,1.1531,1.1531
NiTe2+PtSe2_51eea3817954e0b9+dd613e52.vasp,0.0,1.1804,1.1804
NiTe2+Sb2Te3_c3f9bbe248e7d3ef+314c6f0e.vasp,0.0,1.8911,1.8911
NiTe2+SnS2_ec734dccf388c690+3575aa01.vasp,0.0,1.0663,1.0663
NiTe2+SnS2_ec734dccf388c690+6d7fb002.vasp,0.0,1.0831,1.0831
NiTe2+ZrS2_d1dd02f1f02edbc6+201be2d3.vasp,0.0,0.6258,0.6258
NiTe2+ZrS2_d1dd02f1f02edbc6+828801dc.vasp,0.0,0.6094,0.6094
NiTe2+ZrSe2_17fca5d82fb9c571+5d7b07fe.vasp,0.0,0.4915,0.4915
NiTe2+ZrSe2_17fca5d82fb9c571+5f398fb5.vasp,0.0,0.4909,0.4909
P2+TaS2_c79af08a7d402c4a+3ab9ddbb.vasp,0.0,-0.8515,-0.8515
P2+TaS2_c79af08a7d402c4a+588767c1.vasp,0.0,-0.507,-0.507
P2+TaS2_c79af08a7d402c4a+8eda239f.vasp,0.0,-0.8532,-0.8532
P2+TaS2_c79af08a7d402c4a+c91760b6.vasp,0.0,-0.4877,-0.4877
P4+Zr2Te6_9440813a845d3b92+ee65f6e3.vasp,0.0,1.2363,1.2363
P4+ZrS2_5d8269ce243acd13+8c605c7b.vasp,0.0,-0.0118,-0.0118
Pd2Se4+Zr2Te6_83540c99cef557ff+67662da6.vasp,0.0,0.7819,0.7819
Pd2Se4+Zr2Te6_83540c99cef557ff+7ce3d6fb.vasp,0.0,0.786,0.786
Pd2Se4+Zr2Te6_83540c99cef557ff+ad86e039.vasp,0.0,0.9371,0.9371
Pd4Se6Hg2+Pd4Se6Hg2_38555f894110904c+bcf4da39.vasp,0.0,-0.8585,-0.8585
Pd4Se6Hg2+Pt4Se6Hg2_e3c7ad5c0e2b3ca3+50fd8b16.vasp,0.0,-0.7379,-0.7379
Pd4Se6Hg2+Zr2Te6_496487ac0cbdced8+7ff6f06c.vasp,0.0,1.1687,1.1687
Pd4Se6Hg2+Zr2Te6_496487ac0cbdced8+ca50bc20.vasp,0.0,1.1769,1.1769
Pd4Se6Hg2+ZrS2_d50a766b90c4b19a+71d55611.vasp,0.0,-0.2981,-0.2981
Pd4Se6Hg2+ZrS2_d50a766b90c4b19a+d8d456ff.vasp,0.0,-0.236,-0.236
PdS2+PdTe2_b594fa178e11310b+ac8dfb81.vasp,0.0,0.807,0.807
PdS2+ReSe2_8ab3c121ea94ef77+2b0a8fa7.vasp,0.0,0.6313,0.6313
PdS2+ReSe2_8ab3c121ea94ef77+db322412.vasp,0.0,0.6393,0.6393
PdS2+TaSe2_5b84b765675646c9+8f24381d.vasp,0.0,-0.1723,-0.1723
PdS2+TaSe2_5b84b765675646c9+d22fc1df.vasp,0.0,-0.1715,-0.1715
PdS2+TiSe2_6eb9bf43c91f1a48+76e10c5f.vasp,0.0,-0.0952,-0.0952
PdS2+TiSe2_6eb9bf43c91f1a48+dd6cfca8.vasp,0.0,-0.091,-0.091
PdSe2+PdSe2_d18d41697b8d39f5+1be5fbc0.vasp,0.0,0.0158,0.0158
PdSe2+PdSe2_d18d41697b8d39f5+b4118d62.vasp,0.0,-0.038,-0.038
PdSe2+PtSe2_3854e2a680a57ff5+f8bcc72a.vasp,0.0,0.1468,0.1468
PdTe2+PdTe2_d2921fce60ba4fa2+81346676.vasp,0.0,1.4077,1.4077
PdTe2+PdTe2_d2921fce60ba4fa2+cce2adad.vasp,0.0,1.3866,1.3866
PdTe2+PtTe2_6687ed3ea297e817+48dd0b58.vasp,0.0,1.5561,1.5561
PdTe2+PtTe2_6687ed3ea297e817+7adfadfe.vasp,0.0,1.5376,1.5376
PdTe2+TaSe2_12a110d063f488e5+df1c8cf8.vasp,0.0,0.2294,0.2294
PdTe2+TiS2_e34188724d294a4c+d3307485.vasp,0.0,0.493,0.493
PdTe2+TiSe2_f16afb6624d1fc77+24d96bd1.vasp,0.0,0.4253,0.4253
Pt4Se6Hg2+SnS2_5d7b18a798a1f830+770559df.vasp,0.0,-0.0356,-0.0356
Pt4Se6Hg2+SnS2_5d7b18a798a1f830+7f31a3c7.vasp,0.0,-0.1979,-0.1979
Pt4Se6Hg2+ZrS2_036971b805ce602f+62d0dba2.vasp,0.0,-0.2249,-0.2249
Pt4Se6Hg2+ZrS2_036971b805ce602f+9c2f91ae.vasp,0.0,-0.1625,-0.1625
Pt4Se6Hg2+ZrSe2_281df4ef8439cc57+4b954abd.vasp,0.0,-0.4108,-0.4108
Pt4Se6Hg2+ZrSe2_281df4ef8439cc57+e678c671.vasp,0.0,-0.3121,-0.3121
PtS2+TiSe2_f3d99ccdc51287de+92123d87.vasp,0.0,-0.0036,-0.0036
PtS2+TiSe2_f3d99ccdc51287de+b0ac82d2.vasp,0.0,0.0052,0.0052
PtTe2+PtTe2_495c6505b3dcb3a7+690a29f5.vasp,0.0,1.7758,1.7758
PtTe2+PtTe2_495c6505b3dcb3a7+f8c51f9f.vasp,0.0,1.7948,1.7948
PtTe2+Sb2_0bd07fa2506fab6f+e29a995e.vasp,0.0,1.3133,1.3133
PtTe2+TaSe2_2a5c6a76b47515c4+3b2ff930.vasp,0.0,0.2323,0.2323
ReS2+ReS2_211d48f3f786600d+991f88b1.vasp,0.0,1.3364,1.3364
ReS2+ReS2_211d48f3f786600d+e258d146.vasp,0.0,1.3301,1.3301
ReS2+TaS2_89aba873d46ae265+268167e7.vasp,0.0,0.5266,0.5266
ReS2+TaS2_89aba873d46ae265+a2ec7ef8.vasp,0.0,0.5175,0.5175
ReS2+WSe2_586b7046b27993dd+f66dafe5.vasp,0.0,1.5273,1.5273
ReSe2+ReSe2_5ae7ee83da310368+2eeb817a.vasp,0.0,1.0491,1.0491
ReSe2+ReSe2_5ae7ee83da310368+f6348338.vasp,0.0,1.0577,1.0577
ReSe2+TiS2_d1890a2f7da8ff07+661eec01.vasp,0.0,0.6206,0.6206
ReSe2+TiS2_d1890a2f7da8ff07+7a85b137.vasp,0.0,0.6027,0.6027
Sb2Te3+SnS2_93148f127a309217+6f40a374.vasp,0.0,1.1421,1.1421
Sb2Te3+ZrS2_e858f4121ea0f560+1828cb6d.vasp,0.0,1.1195,1.1195
Si2+TiS2_0b05a34b486da949+9f1889e0.vasp,0.0,-0.7331,-0.7331
Si2+ZrSe2_0937fbc0e70ed55c+932d69c5.vasp,0.0,-1.0522,-1.0522
Si2+ZrSe2_0937fbc0e70ed55c+b04a1655.vasp,0.0,-0.949,-0.949
Si2+ZrSe2_0937fbc0e70ed55c+d79c7a08.vasp,0.0,-0.5906,-0.5906
SnSe2+TaS2_742f830b73f9bda1+9a05e899.vasp,0.0,-0.7509,-0.7509
TaS2+TaS2_9d40c4efc23e94b3+89fbb843.vasp,0.0,-0.3634,-0.3634
TaS2+TaS2_9d40c4efc23e94b3+f8e98219.vasp,0.0,-0.3469,-0.3469
TaS2+TiS2_c5112dc6e5683372+b585704e.vasp,0.0,-0.3458,-0.3458
TaS2+TiS2_c5112dc6e5683372+c5f393dc.vasp,0.0,-0.2925,-0.2925
TaS2+WSe2_4d03339da0308fa5+cd7d092e.vasp,0.0,0.1472,0.1472
TaS2+WSe2_4d03339da0308fa5+d7702321.vasp,0.0,0.2632,0.2632
TaSe2+TaSe2_62cad57d751097d0+673e2896.vasp,0.0,-0.2968,-0.2968
TaSe2+TaSe2_62cad57d751097d0+b23f8587.vasp,0.0,-0.3035,-0.3035
TaSe2+TiS2_3f773e144e0bf61d+4ac15108.vasp,0.0,-0.2937,-0.2937
TaSe2+TiSe2_07d5e79c2248769a+88878b26.vasp,0.0,-0.2243,-0.2243
TaSe2+TiSe2_07d5e79c2248769a+952a16b1.vasp,0.0,-0.2416,-0.2416
TiS2+TiS2_4521590498484748+5da72cd6.vasp,0.0,-0.2511,-0.2511
TiS2+TiS2_4521590498484748+85a6e2fc.vasp,0.0,-0.2372,-0.2372
TiSe2+TiSe2_985aea2851d01f47+069a4738.vasp,0.0,-0.1394,-0.1394
TiSe2+TiSe2_985aea2851d01f47+1e248852.vasp,0.0,-0.1648,-0.1648
NbSe2+WTe2_a69a4b4f38c3f0b0+0bcf5ec4.vasp,0.0,1.3916,1.3916
As2+NbTe2_abcd2ae4ee5a0c7d+b973d913.vasp,0.0,0.7658,0.7658
TiSe2+Zn2Se2_52bdcdff3a1b9521+155c9527.vasp,0.0,-0.936,-0.936
Ge2+NbSe2_b0a8c8dd6b5e5660+63e16c3a.vasp,0.0,-0.4425,-0.4425
CdTe+PdTe2_c65bf61266ffd595+e287a07c.vasp,0.0,-0.2909,-0.2909
BN+Si2_94db3c00dae5f51e+8ecd9588.vasp,0.0261,-1.1759,-1.1759
Ge2+Zn2Se2_772f8a4cc60cc0aa+00cd2786.vasp,0.0,-1.0514,-1.0514
As2+Ge2_62a1473c1435462f+197aada5.vasp,0.0,-1.248,-1.248
Ge2+Zn2Se2_772f8a4cc60cc0aa+c997952b.vasp,0.0,-1.0553,-1.0553
C2+C2_072a0ac6318bf8d1+43dfab9c.vasp,0.0359,-0.9691,-0.9691
C2+C2_072a0ac6318bf8d1+6d9d3c7d.vasp,0.036,-0.9691,-0.9691
Pd4Se6Hg2+Pd4Se6Hg2_38555f894110904c+bc4a2826.vasp,0.0515,-0.6475,-0.6475
GeS+PdTe2_4d13ab9d5d78f861+ae4893e6.vasp,0.0,0.2519,0.2519
As2+Ge2_62a1473c1435462f+b11fa64a.vasp,0.027,-1.2117,-1.2117
Bi2+Pd4Se6Hg2_1a478d1bd96079b4+aee3aa2f.vasp,0.0,-0.1854,-0.1854
GeS+PdTe2_4d13ab9d5d78f861+8d26d775.vasp,0.0,0.2497,0.2497
P2+Si2_93b0d6cd4dbb2a32+5489d7a4.vasp,0.0474,-0.8084,-0.8084
Bi2SeTe2+Bi2_d4699c5cd8ea37ba+4ebf1eb5.vasp,0.1101,1.4848,1.4848
BN+C2_c1c172375c1d2e26+0864d1e6.vasp,0.0517,-1.2997,-1.2997
BN+C2_c1c172375c1d2e26+198893b6.vasp,0.0518,-1.2997,-1.2997
Sb2Te3+ZrSe2_c869dee0dda1feff+a324d981.vasp,0.0,0.8899,0.8899
Pt4Se6Hg2+SnS_f015e4dbeb5df03f+d2a328be.vasp,0.0313,-0.0164,-0.0164
As2S3+Pd4Se6Hg2_07171961361efc53+611aa674.vasp,0.0404,0.5617,0.5617
Bi2Se3+WTe2_711d46c119dadaaf+de59ccbe.vasp,0.0,1.6388,1.6388
Bi2Se3+TiSe2_3e3458e8f39ce580+4ab7b799.vasp,0.0393,0.3461,0.3461
As2+PdS2_ae681c9fb7ef8b70+b14bcd57.vasp,0.0,-0.1557,-0.1557
SnSe2+TiS2_81cf04dfb102b0dd+a3fb6f74.vasp,0.0616,-0.4315,-0.4315
Ge2+PtTe2_e4ec2333c3becd51+250ce893.vasp,0.0,0.106,0.106
WSe2+ZrSe2_bc920119c456708c+af9423ca.vasp,0.0,0.2686,0.2686
Ga2Te2+Ge2_20ccfd023b34444e+f10eaf06.vasp,0.0651,-0.4106,-0.4106
As4+ReSe2_a0698ea6f3f0dd63+fe8b7945.vasp,0.0876,0.1236,0.1236
Pd4Se6Hg2+SnS_a6507e54ee470687+596c3b8d.vasp,0.0664,-0.072,-0.072
Pd4Se6Hg2+SnS_a6507e54ee470687+2f432d51.vasp,0.0837,-0.0965,-0.0965
ReS2+SnSe2_11f82f5e5396cfca+ff483efc.vasp,0.1075,-0.0077,-0.0077
Si2+SnSe2_6c83a1f9e1fc991c+9ed55c95.vasp,0.0945,-0.5319,-0.5319
C2+Sb2_c4f29a4335db8708+cb023e5b.vasp,0.0709,-0.2608,-0.2608
PdS2+PtTe2_cba6bffcceb24dfc+1fed2d5e.vasp,0.0,0.7716,0.7716
As2+ZrS2_109ecc02574362b5+78583a2c.vasp,0.0,-1.178,-1.178
Ga2Te2+Ge2_20ccfd023b34444e+fc05a984.vasp,0.1034,-0.41,-0.41
As2+Pd4Se6Hg2_fc844e3a3a732200+c509c2ee.vasp,0.1106,-0.6153,-0.6153
GeS+PdTe2_4d13ab9d5d78f861+cd96c060.vasp,0.0,0.2786,0.2786
SnS+ZrSe2_e306f550cc4a34e0+e7d5db3e.vasp,0.1299,-1.0382,-1.0382
PdTe2+ReSe2_b81c9f6e2cbf6430+24b0c9ee.vasp,0.0,0.9112,0.9112
As2S3+Pd4Se6Hg2_07171961361efc53+dfd51182.vasp,0.1176,0.5771,0.5771
As2+ZrS2_109ecc02574362b5+f0f4e755.vasp,0.0771,-1.1354,-1.1354
PtTe2+Sb2_0bd07fa2506fab6f+bd20afaf.vasp,0.0,1.2066,1.2066
Ge2+PdTe2_fa9658d6f71de484+f0cb281c.vasp,0.0,-0.0014,-0.0014
Bi2+Sb2Te3_fbeb0bb5015f9ebb+703e7a0e.vasp,0.0568,1.7912,1.7912
BP+ZrS2_720f4c35b43053a7+b64683f9.vasp,0.1489,-1.0947,-1.0947
Pt4Se6Hg2+Pt4Se6Hg2_f7ab1a798e8d2fc8+656640af.vasp,0.1002,-0.5707,-0.5707
BP+ZrS2_720f4c35b43053a7+c8ea30b0.vasp,0.1504,-0.6464,-0.6464
NiSe2+PtS2_c68deb1da0e22dc0+2841c36e.vasp,0.0,0.2267,0.2267
BP+ZrS2_720f4c35b43053a7+514d8443.vasp,0.1544,-0.645,-0.645
As2+NiSe2_821e6d2c9bea4cfc+7272cd1e.vasp,0.0612,-0.4956,-0.4956
NiSe2+PtS2_c68deb1da0e22dc0+40e0bc9d.vasp,0.0,0.191,0.191
HgTe+WS2_5875628cd3a9713b+6e0c9227.vasp,0.0298,-0.255,-0.255
PdSe2+ZrSe2_1decf2920c9b39fe+702888fb.vasp,0.0,-0.72,-0.72
Pd4Se6Hg2+Pt4Se6Hg2_e3c7ad5c0e2b3ca3+1a40a681.vasp,0.144,-0.4783,-0.4783
In2Se2+In2Se3_9a5685b973026774+fd904afb.vasp,0.1461,0.1748,0.1748
As2+PdTe2_4b6e042eb3153f41+5b25934c.vasp,0.0,0.3258,0.3258
MoSe2+SnSe2_396f7f97960069a1+5bcd1e50.vasp,0.0901,0.2136,0.2136
HgTe+WS2_5875628cd3a9713b+87cef18d.vasp,0.0,-0.2498,-0.2498
Bi2+Sb2Te3_fbeb0bb5015f9ebb+5a2da7cb.vasp,0.1568,1.7771,1.7771
Bi2+PtSe2_05d5ed2c9fd33584+36a8d846.vasp,0.0,0.4375,0.4375
P2+Si2_93b0d6cd4dbb2a32+0721dda5.vasp,0.1735,-0.7661,-0.7661
PdS2+PdS2_a8a6ab05d5d459b6+7c1bd2c6.vasp,0.1787,0.1541,0.1541
Bi2Te3+Bi2_d32c74a787471a8a+b0a6a76d.vasp,0.0643,1.7788,1.7788
Pt4Se6Hg2+Sb2Te3_e26b104b6accc0bc+6ce10a13.vasp,0.0,1.2079,1.2079
Ge2+Ge2_3ec772a76ee1e5da+1708a0e1.vasp,0.1747,-0.9976,-0.9976
MoSe2+Si2_ab37c88ec3d1037b+80d27206.vasp,0.182,0.2347,0.2347
PdS2+Sb2_89489fd3772a272f+1957574c.vasp,0.0665,0.1237,0.1237
Pt4Se6Hg2+SnS_f015e4dbeb5df03f+70ee509c.vasp,0.1344,0.0935,0.0935
As2+PdTe2_4b6e042eb3153f41+2d8001b0.vasp,0.0,0.3293,0.3293
Bi2SeTe2+Pd4Se6Hg2_0af554cb7d17edf7+bff9c0bf.vasp,0.0,0.964,0.964
HgTe+MoS2_373b3306687d491b+c5345ca9.vasp,0.0,-0.1629,-0.1629
Bi2+Bi2_e265fa21fde9fcd6+26c6b6da.vasp,0.0,0.6722,0.6722
NiS2+P2_14a79dd4d3becf87+d49cd83f.vasp,0.1513,-0.3341,-0.3341
NiS2+P2_14a79dd4d3becf87+f056dec8.vasp,0.1518,-0.3334,-0.3334
PdSe2+ZrSe2_1decf2920c9b39fe+d037061d.vasp,0.038,-0.6855,-0.6855
Ga2Se2+NiS2_a6dfa1b396e34968+e9509e10.vasp,0.1651,-0.2024,-0.2024
ReS2+Si2_55da0e93ed66a0bc+a26de29c.vasp,0.1934,-0.163,-0.163
NiS2+P2_14a79dd4d3becf87+3694a2fa.vasp,0.2041,-0.1172,-0.1172
SnS+ZrSe2_e306f550cc4a34e0+0c256684.vasp,0.1339,-1.1163,-1.1163
Si2+Si2_d47247aa3eac4556+dde7b0c6.vasp,0.2218,-0.9469,-0.9469
In2Se2+PdTe2_d858927ccf2ba3e7+07ac4d2d.vasp,0.0,1.151,1.151
In2Se3+Zn2Se2_9a4ff02927d1c6a1+9c063398.vasp,0.1119,-0.5928,-0.5928
NiS2+WSe2_649d62d9bc0581b6+8fb0fb97.vasp,0.0995,0.5554,0.5554
MoSe2+NiS2_570958f705168955+f9101b9e.vasp,0.2055,0.5754,0.5754
In2Se3+PdS2_dffe92a3b31f493f+acd776af.vasp,0.2085,-0.0879,-0.0879
As4+PdSe2_3b9007434daffcd5+42ac37d0.vasp,0.2322,-0.1507,-0.1507
Ge2+Ge2_3ec772a76ee1e5da+814be2e7.vasp,0.1983,-1.2365,-1.2365
In2Se2+In2Se3_9a5685b973026774+ee6a2906.vasp,0.2228,0.1194,0.1194
Bi2SeTe2+SnS2_9e5cc874f46ddef8+2503cdb9.vasp,0.1182,0.9016,0.9016
In2Se3+In2Se3_40d5b254204c6674+335997e5.vasp,0.2364,0.3782,0.3782
PdSe2+PtSe2_3854e2a680a57ff5+80133383.vasp,0.1757,0.1355,0.1355
HgTe+PtS2_4949bfe74bc1757c+8f91fee8.vasp,0.0555,-0.7826,-0.7826
HgTe+PtS2_4949bfe74bc1757c+8071aea7.vasp,0.0551,-0.7824,-0.7824
HgTe+Zn2Se2_ff025caf99fcba6c+2d449a2b.vasp,0.0511,-1.4291,-1.4291
Bi2Te3+Bi2_d32c74a787471a8a+ff292ef1.vasp,0.1051,1.7759,1.7759
Pt4Se6Hg2+Pt4Se6Hg2_f7ab1a798e8d2fc8+fb4b2506.vasp,0.2645,-0.3223,-0.3223
BP+ZrSe2_4f2c71ce90c022a4+c9ffa50c.vasp,0.1328,-1.1279,-1.1279
As2+SnS2_4b6297433174d0c4+19e9df59.vasp,0.1461,-0.5741,-0.5741
As2+SnS2_4b6297433174d0c4+8f5534e2.vasp,0.146,-0.5716,-0.5716
Bi2+Bi2_e265fa21fde9fcd6+55afcd80.vasp,0.0,0.6844,0.6844
HgTe+In2Se2_6e4330f89fd3f140+870b34b6.vasp,0.0569,-0.4534,-0.4534
MoSe2+ZrSe2_e0092951ff8b06bc+14914d6e.vasp,0.174,0.3338,0.3338
NiS2+WSe2_649d62d9bc0581b6+f33edfa1.vasp,0.0826,0.5089,0.5089
Ti2S6+Ti2S6_8cd7596e85cacb63+e479db20.vasp,0.2639,1.5443,1.5443
Ti2S6+Ti2S6_8cd7596e85cacb63+d56a843a.vasp,0.2523,1.5412,1.5412
HgTe+WTe2_3b526b87ac643a15+77ed2c0f.vasp,0.0,0.3941,0.3941
Ga2S2+NiSe2_2141c2605b0c33cf+05c4c0a1.vasp,0.1132,0.0814,0.0814
As2+ZrS2_109ecc02574362b5+3b80f7f4.vasp,0.1625,-0.7034,-0.7034
Ga2S2+NiSe2_2141c2605b0c33cf+ae2932ec.vasp,0.1199,0.1159,0.1159
MoTe2+PdTe2_85d97f72510281a8+7f76421b.vasp,0.0,2.1037,2.1037
MoSe2+NiS2_570958f705168955+8b0876f6.vasp,0.2637,0.5326,0.5326
PdS2+WTe2_841ae8191b1af752+b5472ee4.vasp,0.1306,1.4452,1.4452
As4S6+Ti2S6_d46d70e861503e37+0f4f2e0f.vasp,0.3091,0.1491,0.1491
Bi2Se3+Sb2_2b862700c03afb82+d7c3909c.vasp,0.0301,0.9648,0.9648
As4S6+Ti2S6_d46d70e861503e37+bcf93ee8.vasp,0.3123,0.1094,0.1094
In2Se3+In2Se3_40d5b254204c6674+d1874f8b.vasp,0.2791,0.3927,0.3927
P2+ZrSe2_6b0f01d649fe812e+6a76daf9.vasp,0.1627,-0.3971,-0.3971
P2+ZrSe2_6b0f01d649fe812e+cbd4210a.vasp,0.1642,-0.395,-0.395
Bi2+Bi2_e265fa21fde9fcd6+21e2eb76.vasp,0.0,0.4898,0.4898
PtSe2+ZrS2_94613c641be8075c+df0a2f28.vasp,0.1706,-0.523,-0.523
In2Se3+Zn2Se2_9a4ff02927d1c6a1+09df45cf.vasp,0.2152,-0.5136,-0.5136
As4+As4_fd6f7423f017f898+f2f08437.vasp,0.3225,-0.185,-0.185
PtSe2+ZrS2_94613c641be8075c+f4f61121.vasp,0.1565,-0.5546,-0.5546
BN+NiS2_a151f1b55b618072+fb59fba8.vasp,0.2934,-0.9639,-0.9639
HgTe+Sb2_e3f6164d24ddafc5+bb3db577.vasp,0.0912,-1.0101,-1.0101
BN+NiS2_a151f1b55b618072+8fa40c7b.vasp,0.2943,-0.9628,-0.9628
As2+As4_6ffeec09a7bb2186+224edfc6.vasp,0.3322,-0.2876,-0.2876
SnS+ZrSe2_e306f550cc4a34e0+13326f5b.vasp,0.1879,-0.7585,-0.7585
Si2+Si2_d47247aa3eac4556+92212ca8.vasp,0.3466,-0.9288,-0.9288
SnS+ZrSe2_e306f550cc4a34e0+92a32787.vasp,0.1932,-0.7546,-0.7546
As2+SnS2_4b6297433174d0c4+29e841aa.vasp,0.2309,-0.4411,-0.4411
SnS+ZrS2_1aad7fdd855ecf48+7c16032a.vasp,0.3517,-1.073,-1.073
Bi2Te3+ZrSe2_e5a841e78c59dc98+be1797b0.vasp,0.2203,0.893,0.893
Bi2+Ga2Se2_0b4dcae5d9ee6431+2f6c6ab6.vasp,0.3417,0.703,0.703
As2+SnS2_4b6297433174d0c4+251e64d3.vasp,0.2443,-0.4315,-0.4315
Bi2Se3+Ga2Te2_801626ab7da7c0a5+b8c03634.vasp,0.0773,0.8493,0.8493
Bi2Se3+Ga2Te2_801626ab7da7c0a5+602ada18.vasp,0.088,0.8969,0.8969
Ga2Se2+ZrSe2_d48ceb181ea4aa9d+61926c89.vasp,0.2116,-0.7804,-0.7804
Ga2Se2+ZrSe2_d48ceb181ea4aa9d+2cdaa9a7.vasp,0.2124,-0.7733,-0.7733
PdSe2+Sb2Te3_c660208b5a338330+c29b28dc.vasp,0.2658,1.4037,1.4037
As4+GeS_175f1d4b4cd369ae+b3b38044.vasp,0.3518,0.1428,0.1428
P2+ZrSe2_6b0f01d649fe812e+1910a385.vasp,0.2161,-0.7701,-0.7701
PdS2+WTe2_841ae8191b1af752+00460173.vasp,0.1321,1.5731,1.5731
SnS+ZrS2_1aad7fdd855ecf48+aa09721f.vasp,0.3724,-1.0185,-1.0185
NiS2+P2_14a79dd4d3becf87+86f45149.vasp,0.3435,-0.1715,-0.1715
Ge2+WTe2_c97b74167d4ea4b2+b10a908b.vasp,0.3201,1.0301,1.0301
In2Se2+PdTe2_d858927ccf2ba3e7+659be764.vasp,0.0308,1.3592,1.3592
PtSe2+PtSe2_14f23a306bf5ac03+510a0581.vasp,0.3898,0.42,0.42
Bi2Se3+Sb2_2b862700c03afb82+76d88353.vasp,0.0,1.0713,1.0713
BP+BP_d0ffb5f613b3f297+7be184fe.vasp,0.4034,-1.3048,-1.3048
As4+PtSe2_0907738d66a356bc+f25202d6.vasp,0.4014,0.2004,0.2004
As4+As4_fd6f7423f017f898+4e511361.vasp,0.3888,0.0975,0.0975
As2+Bi2Se3_743937d50bae21d5+7cb5f2e9.vasp,0.0501,0.1616,0.1616
Sb2Te3+Sb2Te3_85120b2691ab3434+d641e385.vasp,0.1399,2.5976,2.5976
MoTe2+PdS2_80cfcb9e190d1026+833635e6.vasp,0.3251,1.4807,1.4807
As4+SnS_6ea8762fc1277213+0001.vasp,0.4251,0.3582,0.3582
P2+P4_83c6695116a4aeaf+bffa43e3.vasp,0.4354,0.1582,0.1582
CdTe+Ge2_77455eeda253b367+c7705b85.vasp,0.3474,-1.3761,-1.3761
PtTe2+Sb2_0bd07fa2506fab6f+a2a9acb0.vasp,0.295,1.0273,1.0273
PtTe2+Sb2_0bd07fa2506fab6f+fac2d34b.vasp,0.2955,1.0262,1.0262
Sb2Te3+Sb2Te3_85120b2691ab3434+7beb6170.vasp,0.1635,2.5726,2.5726
Bi2SeTe2+Sb2Te3_26cc6224afbbefb5+ce6d13a4.vasp,0.0,2.2855,2.2855
P4+P4_4e007a74ff7700c8+2561f749.vasp,0.4589,0.7715,0.7715
P4+P4_4e007a74ff7700c8+2018c77a.vasp,0.4597,0.7861,0.7861
WS2+ZrS2_738210e3a4fcfb89+f794e0db.vasp,0.2539,0.539,0.539
In2Se2+WTe2_9b9ec865b1a5792c+25fee3d3.vasp,0.2285,1.7276,1.7276
As2+PdS2_ae681c9fb7ef8b70+4aca840b.vasp,0.4321,-0.168,-0.168
Bi2SeTe2+Sb2Te3_26cc6224afbbefb5+f10c1cf2.vasp,0.037,2.2907,2.2907
As2S3+ZrS2_2a711df199e50dba+bf9846cb.vasp,0.4688,0.1606,0.1606
Bi2Te3+Sb2Te3_3a0544c652524eb9+e7872b83.vasp,0.0,2.4924,2.4924
CdTe+PtTe2_2f066ab0a26c257d+0592d330.vasp,0.27,-0.0593,-0.0593
As2S3+ZrS2_2a711df199e50dba+8dabf71f.vasp,0.4768,0.1782,0.1782
SnS2+WS2_cb7f92dc255b66f0+8eebd874.vasp,0.2846,0.6132,0.6132
MoTe2+PdS2_80cfcb9e190d1026+e15fe39a.vasp,0.3743,1.5704,1.5704
Ga2Te2+PdS2_865ca9814de31732+7a6fd035.vasp,0.3767,0.4848,0.4848
PdS2+PdS2_a8a6ab05d5d459b6+4ffccf24.vasp,0.4875,0.135,0.135
GeS+SnSe2_32a71388d98861f0+67687327.vasp,0.5009,-1.0398,-1.0398
CdTe+In2Se2_bbe9644b9677c367+4cfcdf32.vasp,0.2997,-0.3377,-0.3377
Sb2+Zn2Se2_a28024318b473500+00942d45.vasp,0.2459,-0.0511,-0.0511
GeS+PdS2_5931501676ef4fbf+5e6dbe6e.vasp,0.4931,-0.0529,-0.0529
Ge2+Ge2_3ec772a76ee1e5da+ce0812b5.vasp,0.4836,-0.9221,-0.9221
HgTe+Sb2_e3f6164d24ddafc5+d560d0c2.vasp,0.3053,-0.8374,-0.8374
Ga2Se2+SnSe2_e74e9f5808e799f3+5cca7c3e.vasp,0.5165,-0.4237,-0.4237
Sb2+Zn2Se2_a28024318b473500+3b9e7221.vasp,0.27,-0.0078,-0.0078
Bi2SeTe2+Bi2Te3_cb62ce5148168b06+613f8d37.vasp,0.0,2.1813,2.1813
SnS+ZrS2_1aad7fdd855ecf48+2060e657.vasp,0.5504,-0.6632,-0.6632
PtS2+Sb2_fbf17308396c4bb3+5061e0bb.vasp,0.2886,0.51,0.51
PtS2+WTe2_3dbdfb8319dae675+cc865d48.vasp,0.3199,1.8389,1.8389
As4S6+As4_e8e4dd20e3b8e8f5+0002.vasp,0.5461,-0.1014,-0.1014
Ga2Se2+SnSe2_e74e9f5808e799f3+cdbda6d8.vasp,0.5477,-0.4277,-0.4277
As2+As4_6ffeec09a7bb2186+7f02feda.vasp,0.5613,-0.0513,-0.0513
In2Se2+Sb2_bf9ee4ea927a2fbe+97ed534a.vasp,0.3379,0.8462,0.8462
As2+PdS2_ae681c9fb7ef8b70+bbbee650.vasp,0.4664,-0.3617,-0.3617
P4+P4_4e007a74ff7700c8+925d8ac4.vasp,0.5922,0.4199,0.4199
As2+PdS2_ae681c9fb7ef8b70+4640c425.vasp,0.4672,-0.3624,-0.3624
PtSe2+PtSe2_14f23a306bf5ac03+773c8e37.vasp,0.5261,0.4159,0.4159
BP+Sb2Te3_4313832eb458a74a+76297af5.vasp,0.4698,1.2359,1.2359
Bi2SeTe2+Bi2Te3_cb62ce5148168b06+ffe5c191.vasp,0.0,2.1341,2.1341
BP+Sb2Te3_4313832eb458a74a+955d088a.vasp,0.4696,1.2363,1.2363
In2Se2+Sb2_bf9ee4ea927a2fbe+1bdb6bbb.vasp,0.3653,0.8752,0.8752
P4+PdSe2_e0f8d1bed5fd22d2+33b29488.vasp,0.5766,0.201,0.201
As2+PtTe2_1703686935096d5a+d48e35e4.vasp,0.3079,0.6133,0.6133
Bi2Te3+Bi2Te3_7099042133ef37af+9ca9e18c.vasp,0.0347,2.3803,2.3803
MoS2+ZrS2_a6f2db04ea14a469+f29c7e91.vasp,0.6006,0.5985,0.5985
Ga2Se2+Sb2Te3_148dad57772e084c+077435f9.vasp,0.3634,1.4309,1.4309
BN+Bi2_a0ef2633e34fb731+2b0cb0ef.vasp,0.457,0.185,0.185
SnSe2+SnSe2_4ac70ddf4c05badd+027d60e8.vasp,0.6004,-0.2619,-0.2619
In2Se2+MoTe2_6dc551e0f4e599ec+154bd048.vasp,0.5139,1.7819,1.7819
As2+BP_aa88e5d25752572c+3b9fc407.vasp,0.5984,-0.7816,-0.7816
As2+BP_aa88e5d25752572c+95e96c63.vasp,0.6,-0.7811,-0.7811
MoS2+PdSe2_cce3d8d5b0ff8576+557ee017.vasp,0.4657,0.8477,0.8477
SnSe2+SnSe2_4ac70ddf4c05badd+f0020e4e.vasp,0.6163,-0.2515,-0.2515
As2S3+Bi2Se3_8d7c3c547538f96b+de4d3e2a.vasp,0.308,1.0691,1.0691
PtSe2+Sb2Te3_af8fdf197f23f2da+7ab4e9b0.vasp,0.3535,1.6459,1.6459
P2+Sb2Te3_9635ebc316c73a98+f743ced8.vasp,0.3823,1.5159,1.5159
MoTe2+PtS2_d0d0ab33474561f8+f629ee7b.vasp,0.5411,1.8492,1.8492
BP+PdSe2_8fce44fab03c3f56+6190964d.vasp,0.4951,-0.3926,-0.3926
CdTe+PtS2_29514af084db3624+a9fe1664.vasp,0.4289,-0.5562,-0.5562
BP+PdSe2_8fce44fab03c3f56+d722e3bb.vasp,0.4972,-0.3907,-0.3907
CdTe+PtS2_29514af084db3624+9122f4d2.vasp,0.4405,-0.5468,-0.5468
Bi2Te3+Bi2Te3_7099042133ef37af+50de5fb9.vasp,0.0,2.3666,2.3666
BP+PdSe2_8fce44fab03c3f56+da716a86.vasp,0.55,-0.4486,-0.4486
Ga2Te2+Sb2_935093bd0c244139+1f594dd9.vasp,0.5232,0.8534,0.8534
P2+PdSe2_8e2e69ce44e28490+0348ec6f.vasp,0.5878,-0.0403,-0.0403
CdTe+Zn2Se2_67591045b8c0b317+f91b99f2.vasp,0.4619,-1.1338,-1.1338
PtS2+WTe2_3dbdfb8319dae675+464cb413.vasp,0.4464,1.9964,1.9964
PdSe2+SnS_23f89f088c48b174+72790471.vasp,0.5267,0.2184,0.2184
PdSe2+SnS_23f89f088c48b174+33e32b73.vasp,0.5299,0.2193,0.2193
As4+WSe2_f9b18f228e22aa95+25591a3b.vasp,0.6537,1.1993,1.1993
Ga2S2+ZrS2_147357413d5c7a04+8612a745.vasp,0.706,-0.6233,-0.6233
Ga2Se2+PdSe2_56dc9adf736592e2+d7240cb4.vasp,0.6571,0.0149,0.0149
Ga2Se2+PdSe2_56dc9adf736592e2+a44b18e4.vasp,0.6552,0.0383,0.0383
Sb2Te3+SnS_d08e41d1d4e735dc+2e227f2e.vasp,0.4291,1.8167,1.8167
Ga2S2+ZrS2_147357413d5c7a04+9c314e81.vasp,0.7195,-0.6277,-0.6277
As2S3+SnS2_0fe0692fdf1b1b61+d24bd106.vasp,0.7278,0.8023,0.8023
As2+PtS2_3aefb2abe39357b9+3c0c542d.vasp,0.7129,0.2424,0.2424
ReSe2+Zn2Se2_348dec47b32c4da0+0401655c.vasp,0.6457,0.1235,0.1235
As2S3+SnS2_0fe0692fdf1b1b61+4a1b07ad.vasp,0.7244,0.7936,0.7936
P2+SnSe2_88e71aa61fe57f61+f71a16e2.vasp,0.6816,-0.4763,-0.4763
Si2+Si2_d47247aa3eac4556+4a59f59e.vasp,0.7442,-0.6892,-0.6892
PtTe2+Zn2Se2_9711cf916bf2e4a2+75438a44.vasp,0.362,0.7755,0.7755
PtTe2+WTe2_ab3edc6d7dd2d73a+9a30137a.vasp,0.3823,2.3085,2.3085
BP+BP_d0ffb5f613b3f297+7a37be3f.vasp,0.7636,-0.899,-0.899
PdSe2+SnS_23f89f088c48b174+85fc9753.vasp,0.5694,0.3744,0.3744
BN+SnSe2_fc4b39d08331aded+f86c5532.vasp,0.7238,-1.0608,-1.0608
Ga2Te2+Sb2_935093bd0c244139+6ae4087a.vasp,0.5018,0.8369,0.8369
PdSe2+SnS_23f89f088c48b174+0f4acae9.vasp,0.5895,0.3469,0.3469
GeS+Sb2_5a1ad0f92137a5e1+b6cb71be.vasp,0.6507,0.1313,0.1313
PtTe2+Zn2Se2_9711cf916bf2e4a2+f89d4677.vasp,0.4134,0.8393,0.8393
Ga2Se2+ReS2_17b9faa6f67c17fb+6bb7c218.vasp,0.7004,0.6883,0.6883
Bi2SeTe2+PtSe2_eaf34ad474218004+802c55b0.vasp,0.2278,1.2778,1.2778
Bi2SeTe2+Ga2Se2_94146fe41664250a+80f2525b.vasp,0.2534,1.074,1.074
BP+Bi2SeTe2_1b979097258f6bca+b18f169f.vasp,0.3295,0.9777,0.9777
BP+Bi2SeTe2_1b979097258f6bca+6876aefc.vasp,0.3296,0.9782,0.9782
P4+SnS_f295420e325639e6+c19861ea.vasp,0.8001,0.7716,0.7716
P2+P4_83c6695116a4aeaf+c77d6aae.vasp,0.798,0.4704,0.4704
Bi2Se3+SnS2_788a9264f72c59af+6930b652.vasp,0.4137,0.5906,0.5906
In2Se2+PtTe2_a7bbffc94eecf094+82e805b0.vasp,0.418,1.6222,1.6222
As4S6+As4_6ba6eeaa41f0e5a1+5ad5e5be.vasp,0.7959,-0.0922,-0.0922
As2+BP_aa88e5d25752572c+ed33bc56.vasp,0.7879,-0.8665,-0.8665
In2Se2+PtTe2_a7bbffc94eecf094+fadb567f.vasp,0.4745,1.688,1.688
CdTe+GeS_102dc469799a99c0+7f1edfb7.vasp,0.5725,-0.8326,-0.8326
Ga2Te2+PtS2_3cb3c08543dacea5+0005d46a.vasp,0.7292,0.8792,0.8792
BP+BP_d0ffb5f613b3f297+649f41a2.vasp,0.841,-0.942,-0.942
Ga2Te2+WTe2_96335d3e3e0d8921+0bdac48e.vasp,0.5608,2.1161,2.1161
MoTe2+PtS2_d0d0ab33474561f8+109ea778.vasp,0.7216,2.0278,2.0278
P4+PtSe2_4babc24f93b28681+ebd82cdf.vasp,0.8491,0.5714,0.5714
BP+WS2_d3e469dfe36e81c1+d1b92471.vasp,0.7874,0.6694,0.6694
BP+BP_d0ffb5f613b3f297+c69a96af.vasp,0.851,-0.9309,-0.9309
MoTe2+Sb2_50ec77037ba875be+a14139f1.vasp,0.5879,1.9051,1.9051
Bi2Se3+Ga2S2_de17a2bf320368a2+a22f7542.vasp,0.447,0.7866,0.7866
As2+As2_4ce37585d2a3c90d+646b7cae.vasp,0.8432,-0.4874,-0.4874
BP+PtSe2_7a48af8647e281ea+f253f7b4.vasp,0.8591,-0.1795,-0.1795
BP+WS2_d3e469dfe36e81c1+f392ba84.vasp,0.8592,0.6774,0.6774
BP+WS2_d3e469dfe36e81c1+952295e3.vasp,0.8605,0.6773,0.6773
As2+PtS2_3aefb2abe39357b9+4e05f6d9.vasp,0.74,0.0358,0.0358
As2S3+SnS_c937847d983cc27b+6816ba9f.vasp,0.8441,0.8439,0.8439
BN+Bi2SeTe2_d4f2822c4c13fc21+e2516e41.vasp,0.3128,0.6667,0.6667
As2S3+SnS_c937847d983cc27b+d91eba12.vasp,0.8448,0.8602,0.8602
As2+PtS2_3aefb2abe39357b9+79c2a6c4.vasp,0.7496,0.0363,0.0363
BP+PtSe2_7a48af8647e281ea+0c614412.vasp,0.8748,-0.1907,-0.1907
CdTe+Sb2_29872d12604cd306+0ab42be5.vasp,0.7518,-0.508,-0.508
In2Se2+PdS2_479835b04700241c+afdf346f.vasp,0.8544,0.3708,0.3708
BP+SnS_1ea6a718268e1675+c6ed9a1c.vasp,0.8915,0.0551,0.0551
Bi2Se3+PtS2_29a87693f7091cd4+bed838ad.vasp,0.46,0.8424,0.8424
Bi2SeTe2+SnS_18de36215d5288f8+e44b9ccb.vasp,0.3103,1.4358,1.4358
BP+Ga2Se2_765c706551ca58b3+f9ddde1d.vasp,0.9015,-0.3644,-0.3644
Bi2Se3+Zn2Se2_5c56072bb560d3bb+98921db6.vasp,0.453,0.3648,0.3648
As2+PtS2_3aefb2abe39357b9+8e0b826e.vasp,0.892,0.2191,0.2191
Ga2Te2+In2Se2_442ec86388224025+e89246a5.vasp,0.8339,0.9197,0.9197
GeS+Sb2_5a1ad0f92137a5e1+22f72844.vasp,0.6363,0.2012,0.2012
Bi2Se3+Zn2Se2_5c56072bb560d3bb+05c9f68f.vasp,0.4612,0.3839,0.3839
Pd2Se4+Pd2Se4_812631ef3f982a4e+927a470b.vasp,0.9156,-0.3344,-0.3344
CdTe+Ga2Te2_393b9f6725363b52+c3b65e3c.vasp,0.677,0.0748,0.0748
Ga2Te2+In2Se2_442ec86388224025+d87a8cf9.vasp,0.8479,0.9252,0.9252
As2+MoTe2_f1870b5958ddd4f0+7f239f1f.vasp,0.8304,1.5616,1.5616
Ga2Te2+Ga2Te2_f8de698e230116b1+5133fca7.vasp,0.8427,1.0587,1.0587
As2+WTe2_7468bd3dfe531dbe+0cc77f8c.vasp,0.6679,1.4804,1.4804
Ga2S2+Sb2_bbe72d416187cdc2+d15646e8.vasp,0.7074,1.0813,1.0813
Bi2Te3+Ga2Se2_789ba3f5b1561e06+f365c1b6.vasp,0.2638,1.4448,1.4448
P2+WSe2_b846a5b4c307fc3f+4b9ec9c9.vasp,0.7379,1.0459,1.0459
Ga2Te2+Ga2Te2_f8de698e230116b1+e38387dd.vasp,0.8689,1.0225,1.0225
MoTe2+MoTe2_af9ec85c21c4509a+0cc343e6.vasp,0.9147,3.1301,3.1301
Sb2+WTe2_0bb667914199b14c+f4e2cf11.vasp,0.6868,1.9816,1.9816
Ga2Te2+MoTe2_e3701bcf10a1fb9d+d884f023.vasp,0.8553,2.1548,2.1548
SnS+SnS_7add4ba0e9a16cff+a44b89c5.vasp,0.9506,0.0148,0.0148
MoSe2+P2_38e3f72923ddba92+41f05970.vasp,0.9001,0.9176,0.9176
MoSe2+P2_38e3f72923ddba92+99317fe9.vasp,0.8991,0.9169,0.9169
PtS2+PtS2_8e2455fdc608d7be+40087c17.vasp,1.0323,0.7709,0.7709
SnS2+ZrS2_65ff60b7e04b44ee+61332b31.vasp,0.9619,-0.3415,-0.3415
Ga2S2+SnS2_876d0f5d9db72e28+7ee7739a.vasp,1.006,0.0731,0.0731
Ga2S2+WTe2_93cf10e9c07674fc+6247a222.vasp,0.7265,2.0658,2.0658
Ga2S2+WTe2_93cf10e9c07674fc+c2c0d55c.vasp,0.7321,2.072,2.072
WTe2+WTe2_5b395f82939558aa+b5df111b.vasp,0.7896,3.2343,3.2343
Ga2S2+SnS2_876d0f5d9db72e28+37846b89.vasp,1.0253,0.077,0.077
MoTe2+MoTe2_af9ec85c21c4509a+efa66e6c.vasp,0.9155,3.1509,3.1509
P2+WSe2_b846a5b4c307fc3f+b8ba3716.vasp,0.7788,1.1106,1.1106
Ga2S2+PdS2_f0f17016223f0706+dc2e50ea.vasp,1.0241,0.145,0.145
CdTe+Sb2_29872d12604cd306+c2af403a.vasp,0.7898,-0.4897,-0.4897
BN+Bi2Te3_cb6ca01c2d059110+cb8627a2.vasp,0.3184,1.0949,1.0949
As2+MoTe2_f1870b5958ddd4f0+02084e27.vasp,0.9203,1.4647,1.4647
As2+MoTe2_f1870b5958ddd4f0+759d9945.vasp,0.9215,1.465,1.465
As2+MoTe2_f1870b5958ddd4f0+10d12374.vasp,0.9568,1.5846,1.5846
Ga2S2+PdS2_f0f17016223f0706+1918c2ac.vasp,1.0455,0.1715,0.1715
Ga2S2+MoTe2_63a8851cd135aecf+2365824a.vasp,0.9358,1.9797,1.9797
SnS2+ZrS2_65ff60b7e04b44ee+919f7de2.vasp,1.025,-0.2558,-0.2558
As2+WTe2_7468bd3dfe531dbe+ad21c353.vasp,0.7484,1.6491,1.6491
Ga2S2+MoTe2_63a8851cd135aecf+1e665b4e.vasp,0.9416,2.0171,2.0171
As2+WTe2_7468bd3dfe531dbe+762a9e88.vasp,0.7554,1.6515,1.6515
WTe2+WTe2_5b395f82939558aa+9b143ae9.vasp,0.7281,3.2569,3.2569
MoSe2+P2_38e3f72923ddba92+4c65bc29.vasp,1.0531,1.1269,1.1269
PdS2+Zn2Se2_425ae6f4f606480f+ae8dfc67.vasp,0.9617,-0.4386,-0.4386
MoSe2+P2_38e3f72923ddba92+a51838f9.vasp,0.9951,1.0437,1.0437
PtSe2+SnS_acc389612241304a+2e82ba34.vasp,0.9424,0.624,0.624
Pd2Se4+Pd2Se4_812631ef3f982a4e+8746c342.vasp,1.1017,-0.3566,-0.3566
MoSe2+MoSe2_9cff40669bf3ac8d+2bcd167f.vasp,1.1111,1.9323,1.9323
Ga2Se2+PtSe2_767202a5c8282d2d+4dfa4b77.vasp,1.0559,0.4116,0.4116
P4+WS2_8f0e6cdff9e47be3+f83a5051.vasp,1.1139,1.7317,1.7317
GeS+WTe2_222a6ba1e129abe5+d7cc3bb0.vasp,0.7994,1.6954,1.6954
CdTe+WTe2_72327c4da1aa315b+79eba44e.vasp,0.8027,1.1324,1.1324
GeS+Pd2Se4_f9709660d9b75df0+197ec2a0.vasp,1.1025,-0.5868,-0.5868
PtSe2+WS2_2a0b6f3e72885c40+978c03d4.vasp,1.0465,1.2276,1.2276
MoSe2+MoSe2_9cff40669bf3ac8d+84e115b8.vasp,1.113,1.9785,1.9785
Ga2Se2+PtSe2_767202a5c8282d2d+6dfbe69a.vasp,1.0572,0.4447,0.4447
PtS2+PtS2_8e2455fdc608d7be+da62762b.vasp,1.1476,0.7436,0.7436
As2+Ga2Te2_d2c96fc1b55905ed+f7078b13.vasp,1.0517,0.4375,0.4375
P2+P2_3413c9ca9c9b9fc4+1c9c1cea.vasp,1.1582,0.054,0.054
PtSe2+SnS_acc389612241304a+139292e7.vasp,1.0055,0.6701,0.6701
MoS2+Pd2Se4_edf012bd6300d7d7+41ac381e.vasp,1.1453,0.9676,0.9676
SnS+SnS_7add4ba0e9a16cff+f9bc2269.vasp,1.1712,0.034,0.034
CdTe+Sb2_29872d12604cd306+6d5d031d.vasp,0.9067,-0.3271,-0.3271
MoSe2+WSe2_e85fe61fcae64128+74940524.vasp,1.008,1.997,1.997
SnS+SnS_7add4ba0e9a16cff+c58a497d.vasp,1.1803,0.0356,0.0356
Ga2Te2+MoS2_28c4e2dfd41abf46+507a545a.vasp,1.0676,1.7914,1.7914
Ga2Te2+MoS2_28c4e2dfd41abf46+a5632e23.vasp,1.0701,1.7917,1.7917
CdTe+Ga2S2_80121fbe3e073639+0095e3aa.vasp,0.951,0.2034,0.2034
Pd2Se4+WS2_4ebeca3aaeaa6b10+451d936e.vasp,1.1696,0.9642,0.9642
PtSe2+SnS_acc389612241304a+e39bde60.vasp,1.0291,0.5196,0.5196
PtSe2+SnS_acc389612241304a+676050a3.vasp,1.0298,0.5227,0.5227
MoSe2+WSe2_e85fe61fcae64128+bd6cec1c.vasp,1.0706,2.0508,2.0508
GeS+WTe2_222a6ba1e129abe5+d6a6335a.vasp,0.8884,1.8497,1.8497
MoS2+WS2_0b00e42e9875d62e+99ebab37.vasp,1.2349,2.2426,2.2426
Ga2Te2+GeS_e29f211498e3fed2+e480a6e5.vasp,0.9861,0.6982,0.6982
Ga2Se2+WSe2_a9857d09d9b330ec+0aad0331.vasp,1.017,1.3712,1.3712
Pd2Se4+Pd2Se4_812631ef3f982a4e+b159bcb7.vasp,1.2315,-0.4055,-0.4055
GeS+WTe2_222a6ba1e129abe5+4715680b.vasp,0.9158,1.8679,1.8679
MoS2+WS2_0b00e42e9875d62e+fb47ab2e.vasp,1.2551,2.2743,2.2743
MoS2+Pd2Se4_edf012bd6300d7d7+79ca72ca.vasp,1.2498,1.0367,1.0367
As4S6+Pd2Se4_d5b8dbb72b10af85+653e80ca.vasp,1.263,-0.5777,-0.5777
MoS2+MoS2_39c7dae8e4261044+aea5a721.vasp,1.2901,2.285,2.285
SnS2+SnS_e0baae862bd9443d+43924bbb.vasp,1.2984,0.0669,0.0669
Pd2Se4+WS2_4ebeca3aaeaa6b10+034bc5cb.vasp,1.2339,1.0099,1.0099
SnS2+SnS_e0baae862bd9443d+145059ec.vasp,1.3026,0.1624,0.1624
SnS2+SnS_e0baae862bd9443d+22ec2dc2.vasp,1.3026,0.0687,0.0687
MoS2+MoS2_39c7dae8e4261044+49457a09.vasp,1.2993,2.2768,2.2768
Ga2Se2+SnS_ec4949c587435497+e935ea27.vasp,1.2864,0.3695,0.3695
In2Se2+PtS2_00ccc96d47d28f1c+a119d74e.vasp,1.3048,0.8277,0.8277
GeS+In2Se2_03b6f5b8d44973c6+312bfdf3.vasp,1.3134,0.2742,0.2742
SnS2+SnS_e0baae862bd9443d+0ed3a649.vasp,1.3338,0.2056,0.2056
Ga2Se2+SnS_ec4949c587435497+6a42d444.vasp,1.3061,0.3888,0.3888
As2+As2_4ce37585d2a3c90d+c5ac6efe.vasp,1.3237,-0.2392,-0.2392
WSe2+WSe2_3d03e0dd4f2cf758+ff986639.vasp,1.151,2.0895,2.0895
As2+As2_4ce37585d2a3c90d+e44cd5a2.vasp,1.3254,-0.2396,-0.2396
Ga2S2+Ga2Te2_190143f1df2efdac+3f18c114.vasp,1.2474,1.4292,1.4292
WSe2+WSe2_3d03e0dd4f2cf758+e79bd30c.vasp,1.0805,2.1227,2.1227
GeS+GeS_e1100c90e883f73f+af812d6a.vasp,1.355,-0.19,-0.19
As2+Ga2S2_11f8b3ee5892af8b+db6e14ec.vasp,1.2643,0.4589,0.4589
As2+Ga2S2_11f8b3ee5892af8b+fb482789.vasp,1.2663,0.4676,0.4676
As2+WS2_c6ab1168d0e79da5+10a31867.vasp,1.2697,1.0578,1.0578
MoS2+SnS_768d35bc4e92981f+5affaf52.vasp,1.378,1.4107,1.4107
SnS2+SnS2_87f9f44991f09848+36857a1a.vasp,1.4582,0.2379,0.2379
Ga2Se2+P2_0d404a02160fd055+d3527867.vasp,1.4404,0.1843,0.1843
SnS+WS2_0dab665b237ca043+27997a3a.vasp,1.4268,1.0554,1.0554
BN+MoSe2_ccfac4f2c0ae4848+20ceaf1d.vasp,1.3714,0.8048,0.8048
Ga2Se2+Ga2Se2_276a14575112243f+eef87aa1.vasp,1.4848,0.4223,0.4223
SnS2+SnS2_87f9f44991f09848+b0215b6c.vasp,1.5102,0.3039,0.3039
Ga2Se2+Ga2Se2_276a14575112243f+ef3d5d08.vasp,1.4917,0.4258,0.4258
Ga2S2+PtS2_436bfd37c3d98294+b17a9292.vasp,1.4801,0.6904,0.6904
P2+P2_3413c9ca9c9b9fc4+2967c3c7.vasp,1.5319,0.2247,0.2247
Ga2S2+PtS2_436bfd37c3d98294+abf4fed3.vasp,1.5087,0.6729,0.6729
BN+WSe2_29df27733ea35573+671083c5.vasp,1.2874,1.0539,1.0539
As4S6+GeS_e34d3e61e63921b8+beed9216.vasp,1.5856,-0.1926,-0.1926
P2+SnS_c0d0f9dd0f9806ad+49711c18.vasp,1.6239,0.5038,0.5038
GeS+GeS_e1100c90e883f73f+d252c8d9.vasp,1.6316,-0.1488,-0.1488
GeS+GeS_e1100c90e883f73f+a7819981.vasp,1.6337,-0.1495,-0.1495
BN+SnS_0e36bf412235741b+ea5bbeef.vasp,1.6706,-0.0698,-0.0698
P2+SnS_c0d0f9dd0f9806ad+3e55aea1.vasp,1.6981,0.5281,0.5281
GeS+Zn2Se2_2049216a044a8ee7+8c1777b4.vasp,1.725,-0.3259,-0.3259
Zn2Se2+Zn2Se2_6c8dd1cf59352139+594d41dd.vasp,1.6448,-0.2681,-0.2681
BN+P2_3963b31a669e0955+8fead593.vasp,1.7922,-0.3933,-0.3933
Ga2S2+MoS2_2481ccdb88402b64+bb5130d7.vasp,1.6916,1.8301,1.8301
Zn2Se2+Zn2Se2_6c8dd1cf59352139+fb9595eb.vasp,1.6905,-0.2314,-0.2314
Ga2S2+WS2_4ca5ebea4f133f0b+46b410bc.vasp,1.5407,1.9459,1.9459
As4S6+As4S6_34cb56e9c82d19c8+a5c65c0d.vasp,1.9147,-0.3001,-0.3001
As4S6+As4S6_43deb76eb40693de+a4d71f32.vasp,1.9418,-0.2059,-0.2059
As4S6+As4S6_34cb56e9c82d19c8+5ddcc769.vasp,1.9678,-0.2341,-0.2341
As4S6+As4S6_05cda37b874fd729+52847e9c.vasp,1.9735,-0.2042,-0.2042
As4S6+As4S6_43deb76eb40693de+3174fd4a.vasp,1.9896,-0.1167,-0.1167
As4S6+As4S6_05cda37b874fd729+0a121986.vasp,2.055,-0.1798,-0.1798
Ga2S2+Ga2S2_9144a08fb4b51dbe+46f29280.vasp,2.1241,1.0187,1.0187
Ga2S2+Ga2S2_9144a08fb4b51dbe+c1d293e4.vasp,2.1363,1.0442,1.0442
BN+BN_1e09d93b66509c9e+59b50540.vasp,4.3899,1.4738,1.4738
BN+BN_1e09d93b66509c9e+db4cbe7a.vasp,4.4462,1.5664,1.5664
BN+BN_1e09d93b66509c9e+a8841346.vasp,4.4536,1.627,1.627
As2S3+NbTe2_601377eebb69406e+c4dbd2a1.vasp,0.0,1.5378,1.5378
As2S3+NbTe2_601377eebb69406e+d5a1c8e5.vasp,0.0,1.5872,1.5872
As4+SnS2_33a066e9723641c5+7771bf6e.vasp,0.0,-0.1144,-0.1144
Bi2+PdSe2_d24dc9b3360fce6a+a6b53c86.vasp,0.0,0.1397,0.1397
Bi2SeTe2+NbTe2_dda5f35261e76d36+6d3f2105.vasp,0.0,1.5626,1.5626
Bi2SeTe2+Pt4Se6Hg2_7f373d7cab60830a+d9b68b5a.vasp,0.0,0.8757,0.8757
Bi2Te3+C2_4b140a887af667dc+563960f2.vasp,0.0,1.0031,1.0031
BN+IrTe2_f09a0afeecbaf124+684e486e.vasp,0.0,0.0941,0.0941
BN+NbS2_8ee4fff3b8db9fa0+368101b8.vasp,0.0,-1.1813,-1.1813
BP+NbTe2_0ba338e237d9728c+22340134.vasp,0.0,0.3786,0.3786
BP+NbTe2_0ba338e237d9728c+a5f8edb0.vasp,0.0,0.2953,0.2953
BP+NbTe2_0ba338e237d9728c+beb8fb07.vasp,0.0,0.376,0.376
C2+MoSe2_22f2168fc360a3b4+b284d6eb.vasp,0.0,0.3005,0.3005
C2+NiS2_469984bdeb1def6c+f0a978d3.vasp,0.0,-1.6156,-1.6156
C2+PdSe2_cfa1dad61b9636cc+48a4032f.vasp,0.0,-0.5187,-0.5187
C2+PdSe2_cfa1dad61b9636cc+6019f506.vasp,0.0,-0.5511,-0.5511
C2+SnS2_fc36fb066453598a+7b1fc132.vasp,0.0,-0.4808,-0.4808
C2+TaS2_f40f10bde8fd84d4+bcf79d64.vasp,0.0,-1.0728,-1.0728
CdTe+HgTe_2ba4f16bd18091a8+1815b9ef.vasp,0.0,-2.044,-2.044
CdTe+HgTe_2ba4f16bd18091a8+30cfcd2c.vasp,0.0,-2.0167,-2.0167
Ga2S2+TiSe2_c595c858a7755a07+40f696ac.vasp,0.0,-0.2368,-0.2368
Ga2S2+TiSe2_c595c858a7755a07+b0f2f915.vasp,0.0,-0.2379,-0.2379
Ga2Se2+NiTe2_3d9ae1d11d89f70d+024a7765.vasp,0.0,0.8143,0.8143
Ga2Se2+NiTe2_3d9ae1d11d89f70d+733cd95c.vasp,0.0,0.8242,0.8242
Ga2Te2+NiSe2_21c717f8d132f718+d918ac7f.vasp,0.0,0.1969,0.1969
Ga2Te2+TiSe2_5c7c923504365fb7+84fa8bd1.vasp,0.0,0.0284,0.0284
Ge2+GeS_d97491661a660223+940a2cc8.vasp,0.0,-0.8685,-0.8685
Ge2+PtS2_f4b3f9bf4686b7b0+e2b0e085.vasp,0.0,-0.3378,-0.3378
Ge2+Sb2_2465bc3bac854363+67782f74.vasp,0.0,-0.7448,-0.7448
GeS+NbSe2_ba51337c0adcc3bc+39c53938.vasp,0.0,-0.7274,-0.7274
GeS+NbSe2_ba51337c0adcc3bc+48dbf93f.vasp,0.0,-0.2824,-0.2824
GeS+NbSe2_ba51337c0adcc3bc+715c6eb0.vasp,0.0,-0.727,-0.727
GeS+NbSe2_ba51337c0adcc3bc+9c31adf4.vasp,0.0,-0.3895,-0.3895
GeS+NiSe2_633cf78e50a6123c+1404945b.vasp,0.0,-0.3598,-0.3598
GeS+NiSe2_633cf78e50a6123c+e5cb826a.vasp,0.0,-0.5703,-0.5703
GeS+NiSe2_633cf78e50a6123c+f9a856f2.vasp,0.0,-0.7682,-0.7682
In2Se3+TiSe2_86f73aad594c8f13+e4c24ba2.vasp,0.0,0.0693,0.0693
IrTe2+ZrSe2_c667e4c180c60cdd+76e35a0a.vasp,0.0,0.2753,0.2753
IrTe2+ZrSe2_c667e4c180c60cdd+7be6904e.vasp,0.0,0.2302,0.2302
MoTe2+TaSe2_c5dbc9db967d55f8+8a3b8233.vasp,0.0,1.0766,1.0766
MoTe2+TaSe2_c5dbc9db967d55f8+f1ec89ef.vasp,0.0,1.0511,1.0511
NbS2+NiS2_11328c380f173192+169dd6e1.vasp,0.0,0.0655,0.0655
NbS2+NiS2_11328c380f173192+590124aa.vasp,0.0,0.098,0.098
NbS2+ReS2_40cc9160212bf60e+15ac7ce3.vasp,0.0,0.9241,0.9241
NbS2+ReS2_40cc9160212bf60e+2ad128f2.vasp,0.0,0.9269,0.9269
NbS2+TaS2_cd51e574ff928950+20d3b214.vasp,0.0,0.0317,0.0317
NbS2+TaS2_cd51e574ff928950+337388f4.vasp,0.0,-0.0239,-0.0239
NbS2+WSe2_eea5fa628205bf85+d09f02ce.vasp,0.0,0.6546,0.6546
NbSe2+NbSe2_1ce17f7f9b2a2fb5+57bfca31.vasp,0.0,0.3431,0.3431
NbSe2+NbSe2_1ce17f7f9b2a2fb5+f55916d7.vasp,0.0,0.3797,0.3797
NbTe2+PtSe2_6ac10b253499a8a4+27552ded.vasp,0.0,1.0372,1.0372
NbTe2+PtSe2_6ac10b253499a8a4+f4f6b050.vasp,0.0,0.9218,0.9218
NbTe2+SnS2_a084b0158eac2767+57e955bb.vasp,0.0,1.0466,1.0466
NbTe2+SnS2_a084b0158eac2767+f2a67852.vasp,0.0,1.1637,1.1637
NbTe2+ZrS2_eade850d5cb8806c+28d2c1d1.vasp,0.0,0.6286,0.6286
NbTe2+ZrS2_eade850d5cb8806c+44817f5b.vasp,0.0,0.5771,0.5771
NiSe2+PdTe2_438ca4a1cc6b8fa1+3c82580c.vasp,0.0,0.48,0.48
NiSe2+ReSe2_a92d850780878b3f+2a88ffc7.vasp,0.0,0.5012,0.5012
NiSe2+ReSe2_a92d850780878b3f+d2ad16e7.vasp,0.0,0.4836,0.4836
NiSe2+Sb2_f6208263393c4272+098dd5f4.vasp,0.0,0.1845,0.1845
NiSe2+Zn2Se2_d5abcf93a47c8dea+0034ab31.vasp,0.0,-0.7261,-0.7261
NiTe2+P4_df6e8d8e44e547c5+ebc34a03.vasp,0.0,0.8367,0.8367
NiTe2+PdSe2_70b74f77b4255ba4+7b2f39e3.vasp,0.0,1.0628,1.0628
NiTe2+SnS_cddba7ec9ca344d8+071a1c2f.vasp,0.0,1.2065,1.2065
NiTe2+SnS_cddba7ec9ca344d8+6218e5ab.vasp,0.0,1.252,1.252
NiTe2+WS2_3171bca52466810b+a86b25bc.vasp,0.0,1.4978,1.4978
P2+ReS2_0de59d48cf8108dd+89a558d6.vasp,0.0,0.8356,0.8356
P2+ReS2_0de59d48cf8108dd+a4e8016d.vasp,0.0,0.8636,0.8636
P2+ReS2_0de59d48cf8108dd+bb065db0.vasp,0.0,0.6172,0.6172
P4+SnS2_ce6b08ad8851d846+882c92a2.vasp,0.0,0.0272,0.0272
P4+ZrSe2_f63acc596e659544+8f6d86de.vasp,0.0,-0.1749,-0.1749
Pd4Se6Hg2+PdSe2_3830e7cc2a127473+7453102a.vasp,0.0,-0.4464,-0.4464
Pd4Se6Hg2+PdSe2_3830e7cc2a127473+d29f9ada.vasp,0.0,-0.5692,-0.5692
Pd4Se6Hg2+PtSe2_b762ea3d1a60a5bc+1fe12467.vasp,0.0,-0.4461,-0.4461
Pd4Se6Hg2+SnS2_ad432117c42f2ed7+15e4d98c.vasp,0.0,-0.2417,-0.2417
Pd4Se6Hg2+SnS2_ad432117c42f2ed7+e320b87f.vasp,0.0,-0.0777,-0.0777
PdSe2+Pt4Se6Hg2_f14a5f3c4b2bd278+bace48b3.vasp,0.0,-0.5525,-0.5525
Pt4Se6Hg2+PtSe2_a47de61404c4a013+249a90df.vasp,0.0,-0.3951,-0.3951
PtTe2+TiS2_e3b13c92d481c9b4+c103fb05.vasp,0.0,0.4947,0.4947
ReSe2+TaSe2_b7c464cdb704bfca+3921396b.vasp,0.0,0.4392,0.4392
ReSe2+TaSe2_b7c464cdb704bfca+413c797b.vasp,0.0,0.4271,0.4271
ReSe2+TiSe2_03a1bc86fba3c142+2072f1c1.vasp,0.0,0.4848,0.4848
ReSe2+TiSe2_03a1bc86fba3c142+410df46d.vasp,0.0,0.4968,0.4968
Sb2+TaSe2_8abe2cb1fa1ea961+eb0db54f.vasp,0.0,-0.459,-0.459
Sb2+TiSe2_6cdf724be69cac25+05412ea9.vasp,0.0,-0.2675,-0.2675
Si2+TaS2_d84ab4d4aa19b354+713c298d.vasp,0.0,-0.8536,-0.8536
TaS2+ZrSe2_b4f9fbeb8e189f29+e3bfadbc.vasp,0.0,-0.6624,-0.6624
TaSe2+WTe2_e71d19cdcaca4600+3b0dc738.vasp,0.0,1.0727,1.0727
TaSe2+WTe2_e71d19cdcaca4600+69e39eef.vasp,0.0,1.0448,1.0448
Zr2Te6+Zr2Te6_3c4dbc7cc103fc4a+0abacc98.vasp,0.0,1.7067,1.7067
Zr2Te6+Zr2Te6_3c4dbc7cc103fc4a+5bd230ef.vasp,0.0,1.7096,1.7096
Ge2+In2Se2_d74b11179dba5345+40ecd419.vasp,0.0,-0.1927,-0.1927
GeS+Si2_79718983c7fb2913+5c8cb7d8.vasp,0.0311,-1.3326,-1.3326
Ge2+Sb2_2465bc3bac854363+2ed962ac.vasp,0.0268,-0.5805,-0.5805
MoTe2+NiSe2_2008705f78502087+6a394cb6.vasp,0.0,1.3469,1.3469
GeS+TiS2_5267082c1b6a3bc4+cca80348.vasp,0.0337,-0.8746,-0.8746
Ga2Se2+Si2_e8848109700312c1+fd65d43e.vasp,0.04,-0.7443,-0.7443
Pt4Se6Hg2+PtSe2_a47de61404c4a013+5063e9f4.vasp,0.0,-0.2473,-0.2473
CdTe+HgTe_2ba4f16bd18091a8+e4829bd5.vasp,0.0,-2.1781,-2.1781
Ge2+TiSe2_3e91b31ca56da938+e8875f76.vasp,0.0289,-0.7425,-0.7425
Pd4Se6Hg2+PtSe2_b762ea3d1a60a5bc+84c65502.vasp,0.0,-0.2954,-0.2954
PdSe2+ZrS2_cb72f759d9b1cfa7+dab174de.vasp,0.0,-0.6397,-0.6397
HgTe+Pd2Se4_1ec8e47dbfa2b5ff+fb73236e.vasp,0.0,-1.8025,-1.8025
P4+Si2_ad28407af9c3e9e8+62164880.vasp,0.0996,-0.1496,-0.1496
NiSe2+WTe2_109ab394c5ffa4a4+39841194.vasp,0.0,1.3152,1.3152
PdSe2+ZrS2_cb72f759d9b1cfa7+bc2b678d.vasp,0.0,-0.5959,-0.5959
Ge2+In2Se2_d74b11179dba5345+a71bf875.vasp,0.0853,-0.1743,-0.1743
GeS+TiS2_5267082c1b6a3bc4+8fb5d0a3.vasp,0.0786,-1.0081,-1.0081
GeS+TiS2_5267082c1b6a3bc4+0b8ca072.vasp,0.079,-1.0067,-1.0067
MoTe2+NiSe2_2008705f78502087+5507c3b6.vasp,0.0,1.2829,1.2829
Ga2Se2+Si2_e8848109700312c1+ca3c3499.vasp,0.1232,-0.7229,-0.7229
CdTe+CdTe_cc09e2a4d4cbdabf+5a13f03b.vasp,0.0,-1.7891,-1.7891
GeS+TiS2_5267082c1b6a3bc4+360b23d3.vasp,0.0918,-0.9551,-0.9551
NiS2+ZrSe2_c038866c03492dec+fa70e649.vasp,0.0965,-0.2382,-0.2382
NiSe2+WTe2_109ab394c5ffa4a4+c58d2cf4.vasp,0.0,1.2824,1.2824
BN+TiS2_f7650abed1e4cbdf+5bcbc193.vasp,0.1447,-1.2393,-1.2393
Bi2+Pt4Se6Hg2_8f53dc49ccde24e2+d193bc26.vasp,0.0,-0.1432,-0.1432
As2+HgTe_1eee94197c26a69c+24f10696.vasp,0.075,-1.6712,-1.6712
BN+TiS2_f7650abed1e4cbdf+7390f7ec.vasp,0.1536,-1.2289,-1.2289
As2+HgTe_1eee94197c26a69c+5a9cefaf.vasp,0.077,-1.6656,-1.6656
Ga2S2+HgTe_b22bd57b522834e6+fa5a0caa.vasp,0.0305,-0.9169,-0.9169
Ga2S2+HgTe_b22bd57b522834e6+38683272.vasp,0.0258,-0.909,-0.909
Ga2Se2+Pt4Se6Hg2_42fcd6102e2d8fba+6a32a07d.vasp,0.0433,-0.0008,-0.0008
Ga2Se2+Pt4Se6Hg2_42fcd6102e2d8fba+fe89bf9f.vasp,0.0805,0.0532,0.0532
CdTe+PdS2_d0b0f667151043d1+485397ad.vasp,0.2111,-0.9614,-0.9614
Ge2+ReSe2_bfb567b4589c15e9+3a49184d.vasp,0.194,-0.3264,-0.3264
Si2+WSe2_b660e9fd0aa2fdf2+38baf54b.vasp,0.2294,0.2439,0.2439
As2S3+BP_e601a12f2cb0846d+f34e3998.vasp,0.2162,0.1691,0.1691
PdSe2+SnS2_41f3068869499087+4b67d10d.vasp,0.0765,-0.0233,-0.0233
PtSe2+ZrSe2_27c864fb98059bec+9188908c.vasp,0.0956,-0.6223,-0.6223
Bi2SeTe2+ZrS2_2eae2f5d9b894b74+ee6f7449.vasp,0.1508,0.8792,0.8792
PtSe2+ZrSe2_27c864fb98059bec+9d3a65cb.vasp,0.1167,-0.5985,-0.5985
PdTe2+Zn2Se2_944a83b07086e4c3+a41f490f.vasp,0.0,0.4341,0.4341
ZrSe2+ZrSe2_e7ac1f1caecc12b5+3dd79382.vasp,0.121,-0.909,-0.909
ZrSe2+ZrSe2_e7ac1f1caecc12b5+eae13987.vasp,0.123,-0.8872,-0.8872
PdSe2+SnS2_41f3068869499087+a8c97bc8.vasp,0.1132,-0.0084,-0.0084
Ga2Te2+HgTe_ff0b7dc3175f990e+e7961690.vasp,0.238,-0.5713,-0.5713
BP+SnS2_86266868cfa0a5d7+7cfeb0e2.vasp,0.2958,-0.4713,-0.4713
BP+SnS2_86266868cfa0a5d7+4a33f0b0.vasp,0.2975,-0.4718,-0.4718
BP+SnS2_86266868cfa0a5d7+6f50874b.vasp,0.3064,-0.4977,-0.4977
HgTe+MoTe2_a9425774060ae4de+33a7a4ba.vasp,0.0975,0.4611,0.4611
PdTe2+Zn2Se2_944a83b07086e4c3+4040856e.vasp,0.0,0.5005,0.5005
HgTe+Pd2Se4_1ec8e47dbfa2b5ff+81fec188.vasp,0.1603,-1.6827,-1.6827
Ge2+Sb2_2465bc3bac854363+442ca9f9.vasp,0.2662,-0.248,-0.248
Sb2+Sb2_481c67b61590ca3c+681ec488.vasp,0.2429,0.5909,0.5909
Bi2Se3+HgTe_f9f49e33ac1668c5+be2aa948.vasp,0.0592,-0.2269,-0.2269
Ge2+MoTe2_fb4aae8344d46dba+430cc0db.vasp,0.3364,1.0497,1.0497
Sb2+Sb2_481c67b61590ca3c+bd71dc4c.vasp,0.2733,0.4139,0.4139
SnSe2+ZrSe2_7a209381d0c2056f+55f06d85.vasp,0.2096,-0.5916,-0.5916
As2S3+PdSe2_6c29b1c352bab09c+cafd6328.vasp,0.2586,0.7508,0.7508
SnSe2+ZrSe2_7a209381d0c2056f+5acf5c0f.vasp,0.2538,-0.5061,-0.5061
BN+ZrSe2_ca9f934c2dabc371+97bf0e83.vasp,0.2753,-0.971,-0.971
CdTe+PdS2_d0b0f667151043d1+e5456333.vasp,0.2221,-0.9957,-0.9957
As2S3+PdSe2_6c29b1c352bab09c+dd4133d0.vasp,0.2775,0.7253,0.7253
HgTe+PtTe2_1c818659d8e6e39c+2a3a18b7.vasp,0.2022,-0.0814,-0.0814
Bi2SeTe2+Pd2Se4_19e1ebc2e28986f0+5483cd36.vasp,0.1082,0.5626,0.5626
GeS+In2Se3_6f349eb48c2ee23b+e2f69f27.vasp,0.4698,-0.2004,-0.2004
GeS+PtTe2_4c0df3c9fbf21965+d3c73c66.vasp,0.112,0.5488,0.5488
GeS+PtTe2_4c0df3c9fbf21965+9313a6ec.vasp,0.1124,0.5527,0.5527
PtSe2+SnS2_dda652cfc6a55ab8+acea351b.vasp,0.3483,0.0373,0.0373
Bi2Se3+Bi2Se3_9a5071d27bfb8ab4+df99b969.vasp,0.1436,1.1761,1.1761
BN+ZrSe2_ca9f934c2dabc371+147c592a.vasp,0.3941,-0.9667,-0.9667
Bi2SeTe2+Bi2SeTe2_06b70269472134a6+951afe2f.vasp,0.0278,2.0099,2.0099
C2+Zn2Se2_937057d965c7bc48+8c84db68.vasp,0.5769,-0.5992,-0.5992
GeS+PtTe2_4c0df3c9fbf21965+1de7e53c.vasp,0.2063,0.5774,0.5774
As2S3+As2_a2132618c9a548fe+6aa2e4db.vasp,0.5176,0.6431,0.6431
As4+Sb2_b70acfd63062add8+cc407b66.vasp,0.5686,0.3474,0.3474
Bi2Se3+Bi2Se3_9a5071d27bfb8ab4+9c7718e5.vasp,0.1878,1.155,1.155
WTe2+Zn2Se2_b6dbd0b2d3165075+c8c42f49.vasp,0.3503,1.1972,1.1972
Bi2SeTe2+PdSe2_d8f787e6e03c8cbe+0b33f88b.vasp,0.1594,1.1888,1.1888
Bi2SeTe2+Bi2SeTe2_06b70269472134a6+1589b1a5.vasp,0.0347,1.9897,1.9897
PdS2+PtS2_6e36eaba9682f6d3+f588a562.vasp,0.5874,0.4146,0.4146
As2S3+As2_a2132618c9a548fe+1fd40210.vasp,0.5357,0.5886,0.5886
As4+Sb2_b70acfd63062add8+3bc409a6.vasp,0.5045,0.3484,0.3484
As2+CdTe_638920e3e4b0a5b8+30c6cbd1.vasp,0.5334,-1.0896,-1.0896
PdSe2+WS2_febbab21e3424314+a776a785.vasp,0.4722,0.7902,0.7902
BN+Sb2Te3_c06fbc097caed6e7+a70432f0.vasp,0.3917,1.0221,1.0221
As2+CdTe_638920e3e4b0a5b8+8c53129d.vasp,0.5372,-1.0829,-1.0829
MoS2+SnS2_95705bd09c409828+18c5bf82.vasp,0.7366,0.6834,0.6834
In2Se2+ReSe2_04f7b80714bf6c50+d85fbc55.vasp,0.6288,0.9004,0.9004
Bi2Se3+ZrS2_ce35afeb1d3cc84b+adc13963.vasp,0.4184,0.4549,0.4549
MoTe2+PtTe2_c55fbb28b0c8dc0d+dd83c6ad.vasp,0.371,2.3541,2.3541
BP+P2_2a66c64207536f58+e75e4b6a.vasp,0.7213,-0.6804,-0.6804
PdS2+PtS2_6e36eaba9682f6d3+6f533607.vasp,0.7188,0.3748,0.3748
As2S3+WS2_42e854b5065b5c82+d2c2ad03.vasp,0.5624,1.3548,1.3548
MoTe2+Zn2Se2_f4603ece9a144509+91874d68.vasp,0.6592,1.2579,1.2579
CdTe+P4_ef14e2b71751ee55+db8483e5.vasp,0.5843,-0.5186,-0.5186
Bi2Se3+PdS2_8d25a9673485079f+5c349ca5.vasp,0.4081,0.8216,0.8216
BP+MoS2_89e50f4f4849489b+381e8376.vasp,0.8189,0.6997,0.6997
As2+CdTe_638920e3e4b0a5b8+8a2a71a9.vasp,0.7258,-0.9935,-0.9935
BP+MoS2_89e50f4f4849489b+34de7c14.vasp,0.8565,0.7465,0.7465
BP+MoS2_89e50f4f4849489b+fae2acfb.vasp,0.8578,0.7463,0.7463
Bi2Se3+CdTe_fa00f17c8b47ae5f+0268efcc.vasp,0.4607,0.1507,0.1507
BN+P4_c8b0976530b29e6b+44c10378.vasp,0.8836,-0.0018,-0.0018
BP+MoS2_89e50f4f4849489b+488d223f.vasp,0.8804,0.7272,0.7272
Ga2Se2+P4_796f6885e76dee39+c24d16ec.vasp,0.8897,0.6665,0.6665
As2+Zn2Se2_58791b1a943a6f10+fd545b70.vasp,0.7658,-0.5702,-0.5702
As2S3+MoS2_bb6c2220337472b5+757cf6ca.vasp,0.8648,1.4329,1.4329
Bi2Te3+PtSe2_3f93fbe0871f52de+b4914083.vasp,0.1836,1.6439,1.6439
BP+P2_2a66c64207536f58+f1f4753f.vasp,0.8995,-0.4352,-0.4352
BP+P2_2a66c64207536f58+9f28d7ba.vasp,0.9011,-0.4344,-0.4344
As2+Pd2Se4_f3446227204b8017+9bb782ac.vasp,0.859,-0.5363,-0.5363
BN+BP_c7e93a35191fdf80+91de1fd8.vasp,0.9075,-0.9718,-0.9718
BN+P4_c8b0976530b29e6b+257dd78a.vasp,0.914,0.0476,0.0476
As2S3+As2S3_d13e755e8ba8471f+2e5dcdf5.vasp,0.8842,1.4833,1.4833
Sb2+Sb2_481c67b61590ca3c+d05dfea0.vasp,0.7714,0.7112,0.7112
As2S3+As2S3_d13e755e8ba8471f+b4d31104.vasp,0.9038,1.4828,1.4828
CdTe+CdTe_cc09e2a4d4cbdabf+3a6ffccd.vasp,0.6823,-1.6339,-1.6339
Sb2+Sb2_481c67b61590ca3c+d859834d.vasp,0.7627,0.7068,0.7068
MoTe2+WTe2_23f5eec6f7468615+4e0022e2.vasp,0.6892,3.163,3.163
ZrS2+ZrS2_6ff48b0061738240+f4f7b044.vasp,0.9304,-0.7595,-0.7595
ZrS2+ZrS2_6ff48b0061738240+1eca4499.vasp,0.9459,-0.7576,-0.7576
As2+Pd2Se4_f3446227204b8017+bfa5ba09.vasp,0.9465,-0.4443,-0.4443
CdTe+MoTe2_77396396c1d6879d+331fe4bd.vasp,0.7715,1.0324,1.0324
Bi2Te3+SnS_58c2c8b633ac0e25+3f8e9e41.vasp,0.3016,1.793,1.793
As2S3+PtS2_3aff7a7a7a3a3fe4+2c2d8e24.vasp,0.977,1.3149,1.3149
As2S3+Ga2S2_000343b4faa03aba+d4fbe620.vasp,0.9976,0.9315,0.9315
As2S3+Ga2S2_000343b4faa03aba+7cf8a0ed.vasp,0.9993,0.923,0.923
BP+P2_2a66c64207536f58+6aa3e8f7.vasp,1.0336,-0.5079,-0.5079
As2S3+PtS2_3aff7a7a7a3a3fe4+c380a893.vasp,0.9832,1.3175,1.3175
In2Se2+In2Se2_d2a55e7344a5e18e+8740de5d.vasp,1.0182,0.8232,0.8232
MoTe2+WTe2_23f5eec6f7468615+585ae47d.vasp,0.7507,3.2053,3.2053
CdTe+CdTe_cc09e2a4d4cbdabf+4c8bd252.vasp,0.8449,-1.6874,-1.6874
As2+Sb2_fe19af325807ad2b+fc2522f1.vasp,0.774,0.2003,0.2003
In2Se2+In2Se2_d2a55e7344a5e18e+977bbf02.vasp,1.0277,0.8288,0.8288
P2+PtSe2_fcb6c98bfb0d0134+a4d36434.vasp,0.95,0.2393,0.2393
GeS+MoTe2_687a5c07b6cd7dd9+704e6b43.vasp,0.9949,1.7529,1.7529
Ga2Te2+Zn2Se2_00871603c0e6a244+4d1a4cdd.vasp,0.962,0.3358,0.3358
P2+PtSe2_fcb6c98bfb0d0134+7269e138.vasp,0.9964,0.2551,0.2551
GeS+MoTe2_687a5c07b6cd7dd9+f4adba4e.vasp,0.997,1.5889,1.5889
GeS+MoTe2_687a5c07b6cd7dd9+e8546da2.vasp,0.998,1.5891,1.5891
P2+PtSe2_fcb6c98bfb0d0134+7aef2c52.vasp,1.0141,0.2724,0.2724
Ga2Te2+Zn2Se2_00871603c0e6a244+b70bf5c1.vasp,1.03,0.3507,0.3507
MoS2+PtSe2_cf94d6229ab2ff4a+ff3e8803.vasp,1.0568,1.274,1.274
GeS+MoTe2_687a5c07b6cd7dd9+5e262339.vasp,1.1076,1.7424,1.7424
CdTe+CdTe_cc09e2a4d4cbdabf+1f2efee8.vasp,1.0277,-1.4324,-1.4324
As2+MoS2_0aff5b72f6a6ec71+2bbe127c.vasp,1.1691,0.9936,0.9936
In2Se2+Zn2Se2_32670d8a41300f1f+fec9e29e.vasp,1.3182,0.2761,0.2761
In2Se2+Zn2Se2_32670d8a41300f1f+d61a7013.vasp,1.3569,0.274,0.274
WS2+WS2_33fe3dcf6c5c1f3e+7cf7cb18.vasp,1.3191,2.4054,2.4054
WS2+WS2_33fe3dcf6c5c1f3e+b8ef7cf6.vasp,1.3692,2.4178,2.4178
Ga2Se2+MoSe2_2f60ac67da2844a0+a8ad8638.vasp,1.3683,1.4621,1.4621
PtS2+Zn2Se2_90fd9f6271965677+80d6021d.vasp,1.3551,0.0294,0.0294
BN+Ga2Se2_ba23d8363f83162b+2c3f01d0.vasp,1.8101,0.1136,0.1136
BN+Ga2Se2_ba23d8363f83162b+7ff11044.vasp,2.0135,0.3208,0.3208
